序号,热搜词条,首次出现日期,最后出现日期,出现自然日数,日期页最高观察次数,首次日期页展示序,事件阶段,内容类型,筛选依据,复原状态,来源等级,日榜来源,词条详情,官方核验来源,备注
1,世界杯,2026-06-11,2026-06-11,1,27,14,小组赛阶段,赛事衍生/社会话题,直接词：世界杯,公开日榜复原,B,https://www.weibotop.cn/daily/2026-06-11,https://www.weibotop.cn/topic/Wn8dQw,,根据历史榜单复原
2,退钱哥刚落地墨西哥就被骗了,2026-06-11,2026-06-11,1,33,12,小组赛阶段,赛事衍生/社会话题,人工复核：世界杯赛程/赛场关联,公开日榜复原,B,https://www.weibotop.cn/daily/2026-06-11,https://www.weibotop.cn/topic/Wndmcg,,根据历史榜单复原
3,韩国vs捷克,2026-06-12,2026-06-12,1,27,2,小组赛阶段,赛况/结果,人工复核：世界杯赛程/赛场关联,公开日榜复原,B,https://www.weibotop.cn/daily/2026-06-12,https://www.weibotop.cn/topic/Wndn6A,,根据历史榜单复原
4,老外也疑惑中国为什么不参加世界杯,2026-06-12,2026-06-13,2,33,5,小组赛阶段,赛事衍生/社会话题,直接词：世界杯,公开日榜复原,B,https://www.weibotop.cn/daily/2026-06-12,https://www.weibotop.cn/topic/Wndn4A,,根据历史榜单复原
5,轮奸犯踢世界杯日本足协沉默,2026-06-12,2026-06-12,1,31,19,小组赛阶段,赛事衍生/社会话题,直接词：世界杯,公开日榜复原,B,https://www.weibotop.cn/daily/2026-06-12,https://www.weibotop.cn/topic/Wndn2g,,根据历史榜单复原
6,南非 打人,2026-06-12,2026-06-12,1,35,6,小组赛阶段,赛事衍生/社会话题,人工复核：世界杯赛程/赛场关联,公开日榜复原,B,https://www.weibotop.cn/daily/2026-06-12,https://www.weibotop.cn/topic/Wndn9Q,,根据历史榜单复原
7,世界杯开幕式,2026-06-12,2026-06-12,1,48,3,小组赛阶段,商业/传播,直接词：世界杯,公开日榜复原,B,https://www.weibotop.cn/daily/2026-06-12,https://www.weibotop.cn/topic/Wn8Xjg,,根据历史榜单复原
8,世界杯开幕式 吓我一跳,2026-06-12,2026-06-12,1,68,4,小组赛阶段,商业/传播,直接词：世界杯,公开日榜复原,B,https://www.weibotop.cn/daily/2026-06-12,https://www.weibotop.cn/topic/WndnwQ,,根据历史榜单复原
9,中国队首发 labubu马宁,2026-06-12,2026-06-12,1,63,16,小组赛阶段,商业/传播,人物词：马宁,公开日榜复原,B,https://www.weibotop.cn/daily/2026-06-12,https://www.weibotop.cn/topic/Wndn_A,,根据历史榜单复原
10,美国世界杯开幕式,2026-06-13,2026-06-13,1,31,14,小组赛阶段,商业/传播,直接词：世界杯,公开日榜复原,B,https://www.weibotop.cn/daily/2026-06-13,https://www.weibotop.cn/topic/WndnUQ,,根据历史榜单复原
11,世界杯在中国的收视率爆了,2026-06-13,2026-06-13,1,32,7,小组赛阶段,商业/传播,直接词：世界杯,公开日榜复原,B,https://www.weibotop.cn/daily/2026-06-13,https://www.weibotop.cn/topic/WndnFg,,根据历史榜单复原
12,英格兰队遭盗窃只剩1个足球,2026-06-13,2026-06-14,2,29,6,小组赛阶段,赛事衍生/社会话题,球队+足球语境：英格兰/足球,公开日榜复原,B,https://www.weibotop.cn/daily/2026-06-13,https://www.weibotop.cn/topic/Wndnfg,,根据历史榜单复原
13,labubu世界杯销量暴涨30倍,2026-06-13,2026-06-13,1,14,9,小组赛阶段,商业/传播,直接词：世界杯,公开日榜复原,B,https://www.weibotop.cn/daily/2026-06-13,https://www.weibotop.cn/topic/WndnBw,,根据历史榜单复原
14,阿根廷vs阿尔及利亚,2026-06-17,2026-06-17,1,26,2,小组赛阶段,赛况/结果,人工复核：世界杯赛程/赛场关联,公开日榜复原,B,https://www.weibotop.cn/daily/2026-06-17,https://www.weibotop.cn/topic/WndhlQ,,根据历史榜单复原
15,法国3比1塞内加尔,2026-06-17,2026-06-17,1,26,10,小组赛阶段,赛况/结果,比分+球队：法国,公开日榜复原,B,https://www.weibotop.cn/daily/2026-06-17,https://www.weibotop.cn/topic/WndgdA,,根据历史榜单复原
16,法国vs塞内加尔,2026-06-17,2026-06-17,1,31,8,小组赛阶段,赛况/结果,人工复核：世界杯赛程/赛场关联,公开日榜复原,B,https://www.weibotop.cn/daily/2026-06-17,https://www.weibotop.cn/topic/WndgQQ,,根据历史榜单复原
17,哈兰德进球,2026-06-17,2026-06-17,1,18,19,小组赛阶段,赛况/结果,人物词：哈兰德,公开日榜复原,B,https://www.weibotop.cn/daily/2026-06-17,https://www.weibotop.cn/topic/Wndgcg,,根据历史榜单复原
18,梅西 踩小腿,2026-06-17,2026-06-18,2,24,5,小组赛阶段,球星/球队舆情,人物词：梅西,公开日榜复原,B,https://www.weibotop.cn/daily/2026-06-17,https://www.weibotop.cn/topic/WndhrA,,根据历史榜单复原
19,梅西世界波,2026-06-17,2026-06-17,1,19,13,小组赛阶段,赛况/结果,人物词：梅西,公开日榜复原,B,https://www.weibotop.cn/daily/2026-06-17,https://www.weibotop.cn/topic/Wn3jYQ,,根据历史榜单复原
20,姆巴佩梅开二度,2026-06-17,2026-06-23,2,86,6,小组赛阶段,球星/球队舆情,人物词：姆巴佩,公开日榜复原,B,https://www.weibotop.cn/daily/2026-06-17,https://www.weibotop.cn/topic/Wnqpxw,,根据历史榜单复原
21,姆巴佩破门,2026-06-17,2026-06-17,1,17,12,小组赛阶段,赛况/结果,人物词：姆巴佩,公开日榜复原,B,https://www.weibotop.cn/daily/2026-06-17,https://www.weibotop.cn/topic/Wn8KkQ,,根据历史榜单复原
22,压力给到C罗,2026-06-17,2026-06-17,1,30,14,小组赛阶段,球星/球队舆情,人物词：C罗,公开日榜复原,B,https://www.weibotop.cn/daily/2026-06-17,https://www.weibotop.cn/topic/Wn8Oig,,根据历史榜单复原
23,伊拉克1比4挪威,2026-06-17,2026-06-17,1,12,15,小组赛阶段,赛况/结果,比分+球队：挪威,公开日榜复原,B,https://www.weibotop.cn/daily/2026-06-17,https://www.weibotop.cn/topic/WndhnQ,,根据历史榜单复原
24,伊朗队被勒令离开美国,2026-06-17,2026-06-17,1,62,4,小组赛阶段,赛事衍生/社会话题,人工复核：世界杯赛程/赛场关联,公开日榜复原,B,https://www.weibotop.cn/daily/2026-06-17,https://www.weibotop.cn/topic/WndggQ,,根据历史榜单复原
25,阿根廷球迷今天全体计划有变,2026-06-18,2026-06-18,1,40,12,小组赛阶段,球星/球队舆情,球队+足球语境：阿根廷/球迷,公开日榜复原,B,https://www.weibotop.cn/daily/2026-06-18,https://www.weibotop.cn/topic/Wndh_g,,根据历史榜单复原
26,马宁主哨世界杯,2026-06-18,2026-06-18,1,29,11,小组赛阶段,裁判/规则,直接词：世界杯,公开日榜复原,B,https://www.weibotop.cn/daily/2026-06-18,https://www.weibotop.cn/topic/WndhGg,,根据历史榜单复原
27,梅西 C罗,2026-06-18,2026-06-18,1,16,18,小组赛阶段,球星/球队舆情,人物词：C罗,公开日榜复原,B,https://www.weibotop.cn/daily/2026-06-18,https://www.weibotop.cn/topic/WndhMQ,,根据历史榜单复原
28,梅西与中国球迷的双向奔赴,2026-06-18,2026-06-18,1,35,13,小组赛阶段,球星/球队舆情,人物词：梅西,公开日榜复原,B,https://www.weibotop.cn/daily/2026-06-18,https://www.weibotop.cn/topic/Wndhxg,,根据历史榜单复原
29,葡萄牙队回应C罗发文,2026-06-18,2026-06-18,1,1,21,小组赛阶段,球星/球队舆情,人物词：C罗,公开日榜复原,B,https://www.weibotop.cn/daily/2026-06-18,https://www.weibotop.cn/topic/Wndinw,,根据历史榜单复原
30,葡萄牙vs民主刚果,2026-06-18,2026-06-18,1,43,2,小组赛阶段,赛况/结果,人工复核：世界杯赛程/赛场关联,公开日榜复原,B,https://www.weibotop.cn/daily/2026-06-18,https://www.weibotop.cn/topic/WndhCg,,根据历史榜单复原
31,英格兰4比2克罗地亚,2026-06-18,2026-06-18,1,20,20,小组赛阶段,赛况/结果,比分+球队：英格兰,公开日榜复原,B,https://www.weibotop.cn/daily/2026-06-18,https://www.weibotop.cn/topic/WndhNg,,根据历史榜单复原
32,英格兰vs克罗地亚,2026-06-18,2026-06-18,1,18,16,小组赛阶段,赛况/结果,人工复核：世界杯赛程/赛场关联,公开日榜复原,B,https://www.weibotop.cn/daily/2026-06-18,https://www.weibotop.cn/topic/WndhPg,,根据历史榜单复原
33,诸神黄昏只有C罗听进去了,2026-06-18,2026-06-18,1,38,17,小组赛阶段,球星/球队舆情,人物词：C罗,公开日榜复原,B,https://www.weibotop.cn/daily/2026-06-18,https://www.weibotop.cn/topic/WndhNA,,根据历史榜单复原
34,C罗回应葡萄牙爆冷战平,2026-06-18,2026-06-18,1,48,7,小组赛阶段,赛况/结果,人物词：C罗,公开日榜复原,B,https://www.weibotop.cn/daily/2026-06-18,https://www.weibotop.cn/topic/WndhLA,,根据历史榜单复原
35,C罗状态,2026-06-18,2026-06-18,1,59,5,小组赛阶段,球星/球队舆情,人物词：C罗,公开日榜复原,B,https://www.weibotop.cn/daily/2026-06-18,https://www.weibotop.cn/topic/WndhPA,,根据历史榜单复原
36,佛得角门将,2026-06-19,2026-06-19,1,78,21,小组赛阶段,球星/球队舆情,球队+足球语境：佛得角/门将,公开日榜复原,B,https://www.weibotop.cn/daily/2026-06-19,https://www.weibotop.cn/topic/WndirA,,根据历史榜单复原
37,韩国男团嘲讽孙兴慜,2026-06-19,2026-06-19,1,74,16,小组赛阶段,赛事衍生/社会话题,人工复核：世界杯赛程/赛场关联,公开日榜复原,B,https://www.weibotop.cn/daily/2026-06-19,https://www.weibotop.cn/topic/WndjqQ,,根据历史榜单复原
38,加拿大球员小腿变形,2026-06-19,2026-06-19,1,73,9,小组赛阶段,球星/球队舆情,球队+足球语境：加拿大/球员,公开日榜复原,B,https://www.weibotop.cn/daily/2026-06-19,https://www.weibotop.cn/topic/Wndi_A,,根据历史榜单复原
39,加拿大vs卡塔尔,2026-06-19,2026-06-19,1,35,20,小组赛阶段,赛况/结果,人工复核：世界杯赛程/赛场关联,公开日榜复原,B,https://www.weibotop.cn/daily/2026-06-19,https://www.weibotop.cn/topic/Wndizw,,根据历史榜单复原
40,世界杯最疯狂20分钟,2026-06-19,2026-06-19,1,27,18,小组赛阶段,赛事衍生/社会话题,直接词：世界杯,公开日榜复原,B,https://www.weibotop.cn/daily/2026-06-19,https://www.weibotop.cn/topic/Wndixg,,根据历史榜单复原
41,巴拉圭捂嘴说话红牌,2026-06-20,2026-06-20,1,71,2,小组赛阶段,裁判/规则,球队+足球语境：巴拉圭/红牌,公开日榜复原 + 官方报告核验,A+B,https://www.weibotop.cn/daily/2026-06-20,https://www.weibotop.cn/topic/WndcEA,https://www.cctvsports.com.cn/zx/2026-07-01/202607013554.html,根据历史榜单复原
42,巴西vs海地,2026-06-20,2026-06-20,1,36,8,小组赛阶段,赛况/结果,人工复核：世界杯赛程/赛场关联,公开日榜复原,B,https://www.weibotop.cn/daily/2026-06-20,https://www.weibotop.cn/topic/WndcxA,,根据历史榜单复原
43,美国vs澳大利亚,2026-06-20,2026-06-20,1,46,15,小组赛阶段,赛况/结果,人工复核：世界杯赛程/赛场关联,公开日榜复原,B,https://www.weibotop.cn/daily/2026-06-20,https://www.weibotop.cn/topic/Wndcsw,,根据历史榜单复原
44,明天将是中国球迷的主场,2026-06-20,2026-06-20,1,63,5,小组赛阶段,球星/球队舆情,人工复核：世界杯赛程/赛场关联,公开日榜复原,B,https://www.weibotop.cn/daily/2026-06-20,https://www.weibotop.cn/topic/WnddiA,,根据历史榜单复原
45,世界杯 不让捂嘴,2026-06-20,2026-06-20,1,38,19,小组赛阶段,赛事衍生/社会话题,直接词：世界杯,公开日榜复原,B,https://www.weibotop.cn/daily/2026-06-20,https://www.weibotop.cn/topic/WndcPA,,根据历史榜单复原
46,土耳其球迷暴怒,2026-06-20,2026-06-20,1,57,7,小组赛阶段,球星/球队舆情,球队+足球语境：土耳其/球迷,公开日榜复原,B,https://www.weibotop.cn/daily/2026-06-20,https://www.weibotop.cn/topic/WndcdQ,,根据历史榜单复原
47,土耳其球员急哭了,2026-06-20,2026-06-20,1,54,13,小组赛阶段,球星/球队舆情,球队+足球语境：土耳其/球员,公开日榜复原,B,https://www.weibotop.cn/daily/2026-06-20,https://www.weibotop.cn/topic/WndcSA,,根据历史榜单复原
48,主裁判抽筋了,2026-06-20,2026-06-20,1,44,11,小组赛阶段,裁判/规则,人工复核：世界杯赛程/赛场关联,公开日榜复原,B,https://www.weibotop.cn/daily/2026-06-20,https://www.weibotop.cn/topic/WndcoA,,根据历史榜单复原
49,德国绝杀进球,2026-06-21,2026-06-21,1,85,8,小组赛阶段,赛况/结果,球队+足球语境：德国/进球,公开日榜复原,B,https://www.weibotop.cn/daily/2026-06-21,https://www.weibotop.cn/topic/WnddQw,,根据历史榜单复原
50,荷兰连进4球,2026-06-21,2026-06-21,1,51,19,小组赛阶段,赛事衍生/社会话题,人工复核：世界杯赛程/赛场关联,公开日榜复原,B,https://www.weibotop.cn/daily/2026-06-21,https://www.weibotop.cn/topic/WnddTQ,,根据历史榜单复原
51,荷兰杀疯了,2026-06-21,2026-06-21,1,83,17,小组赛阶段,赛事衍生/社会话题,人工复核：世界杯赛程/赛场关联,公开日榜复原,B,https://www.weibotop.cn/daily/2026-06-21,https://www.weibotop.cn/topic/WnddTw,,根据历史榜单复原
52,荷兰vs瑞典,2026-06-21,2026-06-21,1,68,18,小组赛阶段,赛况/结果,人工复核：世界杯赛程/赛场关联,公开日榜复原,B,https://www.weibotop.cn/daily/2026-06-21,https://www.weibotop.cn/topic/WnddWA,,根据历史榜单复原
53,马宁被球员围攻,2026-06-21,2026-06-21,1,47,2,小组赛阶段,裁判/规则,人物词：马宁,公开日榜复原,B,https://www.weibotop.cn/daily/2026-06-21,https://www.weibotop.cn/topic/Wndevg,,根据历史榜单复原
54,突尼斯0比4日本,2026-06-21,2026-06-21,1,46,14,小组赛阶段,赛况/结果,比分+球队：日本,公开日榜复原,B,https://www.weibotop.cn/daily/2026-06-21,https://www.weibotop.cn/topic/Wnde9g,,根据历史榜单复原
55,突尼斯vs日本,2026-06-21,2026-06-21,1,32,10,小组赛阶段,赛况/结果,人工复核：世界杯赛程/赛场关联,公开日榜复原,B,https://www.weibotop.cn/daily/2026-06-21,https://www.weibotop.cn/topic/Wndeog,,根据历史榜单复原
56,伊朗因球员跑不动多次换人,2026-06-21,2026-06-21,1,40,15,小组赛阶段,球星/球队舆情,人工复核：世界杯赛程/赛场关联,公开日榜复原,B,https://www.weibotop.cn/daily/2026-06-21,https://www.weibotop.cn/topic/WndeaQ,,根据历史榜单复原
57,比利时vs伊朗,2026-06-22,2026-06-22,1,106,16,小组赛阶段,赛况/结果,人工复核：世界杯赛程/赛场关联,公开日榜复原,B,https://www.weibotop.cn/daily/2026-06-22,https://www.weibotop.cn/topic/Wndf_A,,根据历史榜单复原
58,佛得角逼平两个世界冠军,2026-06-22,2026-06-22,1,131,2,小组赛阶段,赛况/结果,球队+足球语境：佛得角/冠军,公开日榜复原 + 官方报告核验,A+B,https://www.weibotop.cn/daily/2026-06-22,https://www.weibotop.cn/topic/Wndf5w,https://www.cctvsports.com.cn/zx/2026-07-01/202607013554.html,根据历史榜单复原
59,佛得角门将收不续约通知,2026-06-22,2026-06-22,1,180,5,小组赛阶段,球星/球队舆情,球队+足球语境：佛得角/门将,公开日榜复原,B,https://www.weibotop.cn/daily/2026-06-22,https://www.weibotop.cn/topic/WndfBg,,根据历史榜单复原
60,乌拉圭2比2佛得角,2026-06-22,2026-06-22,1,61,17,小组赛阶段,赛况/结果,比分+球队：乌拉圭,公开日榜复原,B,https://www.weibotop.cn/daily/2026-06-22,https://www.weibotop.cn/topic/Wndf5g,,根据历史榜单复原
61,乌拉圭vs佛得角,2026-06-22,2026-06-22,1,75,10,小组赛阶段,赛况/结果,人工复核：世界杯赛程/赛场关联,公开日榜复原,B,https://www.weibotop.cn/daily/2026-06-22,https://www.weibotop.cn/topic/Wndf9Q,,根据历史榜单复原
62,西班牙 杀疯了,2026-06-22,2026-06-22,1,62,18,小组赛阶段,赛事衍生/社会话题,人工复核：世界杯赛程/赛场关联,公开日榜复原,B,https://www.weibotop.cn/daily/2026-06-22,https://www.weibotop.cn/topic/Wndf6Q,,根据历史榜单复原
63,西班牙vs沙特,2026-06-22,2026-06-22,1,137,12,小组赛阶段,赛况/结果,人工复核：世界杯赛程/赛场关联,公开日榜复原,B,https://www.weibotop.cn/daily/2026-06-22,https://www.weibotop.cn/topic/Wndf2w,,根据历史榜单复原
64,伊朗队在洛杉矶更衣室留下感谢信,2026-06-22,2026-06-22,1,123,3,小组赛阶段,赛事衍生/社会话题,人工复核：世界杯赛程/赛场关联,公开日榜复原,B,https://www.weibotop.cn/daily/2026-06-22,https://www.weibotop.cn/topic/WndYww,,根据历史榜单复原
65,阿根廷2比0奥地利,2026-06-23,2026-06-23,1,204,6,小组赛阶段,赛况/结果,比分+球队：阿根廷,公开日榜复原,B,https://www.weibotop.cn/daily/2026-06-23,https://www.weibotop.cn/topic/WndZqQ,,根据历史榜单复原
66,阿根廷vs奥地利,2026-06-23,2026-06-23,1,166,3,小组赛阶段,赛况/结果,人工复核：世界杯赛程/赛场关联,公开日榜复原,B,https://www.weibotop.cn/daily/2026-06-23,https://www.weibotop.cn/topic/WndZuQ,,根据历史榜单复原
67,法国vs伊拉克,2026-06-23,2026-06-23,1,138,20,小组赛阶段,赛况/结果,人工复核：世界杯赛程/赛场关联,公开日榜复原,B,https://www.weibotop.cn/daily/2026-06-23,https://www.weibotop.cn/topic/WndZpA,,根据历史榜单复原
68,法国vs伊拉克 好大的雨,2026-06-23,2026-06-23,1,127,15,小组赛阶段,赛况/结果,人工复核：世界杯赛程/赛场关联,公开日榜复原,B,https://www.weibotop.cn/daily/2026-06-23,https://www.weibotop.cn/topic/WndZow,,根据历史榜单复原
69,哈兰德梅开二度,2026-06-23,2026-07-06,2,121,2,小组赛阶段,球星/球队舆情,人物词：哈兰德,公开日榜复原,B,https://www.weibotop.cn/daily/2026-06-23,https://www.weibotop.cn/topic/WntpUQ,,根据历史榜单复原
70,哈兰德偷喝对方门将的水,2026-06-23,2026-06-23,1,186,17,小组赛阶段,球星/球队舆情,人物词：哈兰德,公开日榜复原,B,https://www.weibotop.cn/daily/2026-06-23,https://www.weibotop.cn/topic/WndZOQ,,根据历史榜单复原
71,葡萄牙首发,2026-06-23,2026-06-24,2,112,12,小组赛阶段,赛况/结果,球队+足球语境：葡萄牙/首发,公开日榜复原,B,https://www.weibotop.cn/daily/2026-06-23,https://www.weibotop.cn/topic/Wn8O_Q,,根据历史榜单复原
72,压力又给到C罗了,2026-06-23,2026-06-23,1,127,19,小组赛阶段,球星/球队舆情,人物词：C罗,公开日榜复原,B,https://www.weibotop.cn/daily/2026-06-23,https://www.weibotop.cn/topic/WndZ_w,,根据历史榜单复原
73,哈兰德 恋与深空,2026-06-24,2026-06-24,1,128,10,小组赛阶段,球星/球队舆情,人物词：哈兰德,公开日榜复原,B,https://www.weibotop.cn/daily/2026-06-24,https://www.weibotop.cn/topic/WndbXg,,根据历史榜单复原
74,葡萄牙5比0乌兹别克斯坦,2026-06-24,2026-06-24,1,107,14,小组赛阶段,赛况/结果,比分+球队：葡萄牙,公开日榜复原,B,https://www.weibotop.cn/daily/2026-06-24,https://www.weibotop.cn/topic/Wndbnw,,根据历史榜单复原
75,葡萄牙vs乌兹别克斯坦,2026-06-24,2026-06-24,1,109,11,小组赛阶段,赛况/结果,人工复核：世界杯赛程/赛场关联,公开日榜复原,B,https://www.weibotop.cn/daily/2026-06-24,https://www.weibotop.cn/topic/WndabA,,根据历史榜单复原
76,曝马宁不再担任世界杯主裁,2026-06-24,2026-06-24,1,36,6,小组赛阶段,裁判/规则,直接词：世界杯,公开日榜复原,B,https://www.weibotop.cn/daily/2026-06-24,https://www.weibotop.cn/topic/WndU0A,,根据历史榜单复原
77,C罗成为葡萄牙世界杯射手王,2026-06-24,2026-06-24,1,130,2,小组赛阶段,赛况/结果,直接词：世界杯,公开日榜复原,B,https://www.weibotop.cn/daily/2026-06-24,https://www.weibotop.cn/topic/WndbnA,,根据历史榜单复原
78,C罗进球,2026-06-24,2026-06-24,1,110,3,小组赛阶段,赛况/结果,人物词：C罗,公开日榜复原,B,https://www.weibotop.cn/daily/2026-06-24,https://www.weibotop.cn/topic/WnsaKw,,根据历史榜单复原
79,C罗梅开二度,2026-06-24,2026-06-24,1,110,4,小组赛阶段,球星/球队舆情,人物词：C罗,公开日榜复原,B,https://www.weibotop.cn/daily/2026-06-24,https://www.weibotop.cn/topic/Wnt-og,,根据历史榜单复原
80,C罗骗过全世界,2026-06-24,2026-06-24,1,127,13,小组赛阶段,球星/球队舆情,人物词：C罗,公开日榜复原,B,https://www.weibotop.cn/daily/2026-06-24,https://www.weibotop.cn/topic/WndbnQ,,根据历史榜单复原
81,韩国爆冷不敌南非,2026-06-25,2026-06-25,1,45,7,小组赛阶段,赛况/结果,球队+足球语境：韩国/爆冷,公开日榜复原,B,https://www.weibotop.cn/daily/2026-06-25,https://www.weibotop.cn/topic/WndV1g,,根据历史榜单复原
82,韩国南非赛后发生冲突,2026-06-25,2026-06-25,1,114,14,小组赛阶段,球星/球队舆情,球队+足球语境：韩国/赛后,公开日榜复原,B,https://www.weibotop.cn/daily/2026-06-25,https://www.weibotop.cn/topic/WndVfg,,根据历史榜单复原
83,韩国输球众生相,2026-06-25,2026-06-25,1,81,15,小组赛阶段,赛事衍生/社会话题,人工复核：世界杯赛程/赛场关联,公开日榜复原,B,https://www.weibotop.cn/daily/2026-06-25,https://www.weibotop.cn/topic/WndVEA,,根据历史榜单复原
84,内马尔首秀,2026-06-25,2026-06-25,1,152,10,小组赛阶段,球星/球队舆情,人工复核：世界杯赛程/赛场关联,公开日榜复原,B,https://www.weibotop.cn/daily/2026-06-25,https://www.weibotop.cn/topic/Wn8OwQ,,根据历史榜单复原
85,当真C罗看到假C罗,2026-06-26,2026-06-26,1,81,13,小组赛阶段,球星/球队舆情,人物词：C罗,公开日榜复原,B,https://www.weibotop.cn/daily/2026-06-26,https://www.weibotop.cn/topic/WndXrg,,根据历史榜单复原
86,德国 报复韩国,2026-06-26,2026-06-26,1,103,4,小组赛阶段,赛事衍生/社会话题,人工复核：世界杯赛程/赛场关联,公开日榜复原 + 官方报告核验,A+B,https://www.weibotop.cn/daily/2026-06-26,https://www.weibotop.cn/topic/WndWUQ,https://www.cctvsports.com.cn/zx/2026-07-01/202607013554.html,根据历史榜单复原
87,厄瓜多尔2比1德国,2026-06-26,2026-06-26,1,38,8,小组赛阶段,赛况/结果,比分+球队：德国,公开日榜复原,B,https://www.weibotop.cn/daily/2026-06-26,https://www.weibotop.cn/topic/WndWWg,,根据历史榜单复原
88,厄瓜多尔vs德国,2026-06-26,2026-06-26,1,59,15,小组赛阶段,赛况/结果,人工复核：世界杯赛程/赛场关联,公开日榜复原,B,https://www.weibotop.cn/daily/2026-06-26,https://www.weibotop.cn/topic/WndWXw,,根据历史榜单复原
89,登贝莱帽子戏法,2026-06-27,2026-06-27,1,70,16,小组赛阶段,赛况/结果,人物词：登贝莱,公开日榜复原,B,https://www.weibotop.cn/daily/2026-06-27,https://www.weibotop.cn/topic/WndQEQ,,根据历史榜单复原
90,佛得角0比0沙特,2026-06-27,2026-06-27,1,37,7,小组赛阶段,赛况/结果,比分+球队：佛得角,公开日榜复原,B,https://www.weibotop.cn/daily/2026-06-27,https://www.weibotop.cn/topic/WndQew,,根据历史榜单复原
91,佛得角出线,2026-06-27,2026-06-27,1,120,5,小组赛阶段,赛况/结果,球队+足球语境：佛得角/出线,公开日榜复原,B,https://www.weibotop.cn/daily/2026-06-27,https://www.weibotop.cn/topic/WndQbw,,根据历史榜单复原
92,佛得角vs沙特,2026-06-27,2026-06-27,1,49,8,小组赛阶段,赛况/结果,人工复核：世界杯赛程/赛场关联,公开日榜复原,B,https://www.weibotop.cn/daily/2026-06-27,https://www.weibotop.cn/topic/WndQXg,,根据历史榜单复原
93,哈兰德姆巴佩王不见王,2026-06-27,2026-06-27,1,93,14,小组赛阶段,球星/球队舆情,人物词：姆巴佩,公开日榜复原,B,https://www.weibotop.cn/daily/2026-06-27,https://www.weibotop.cn/topic/WndQGg,,根据历史榜单复原
94,哈兰德替补,2026-06-27,2026-06-27,1,63,15,小组赛阶段,球星/球队舆情,人物词：哈兰德,公开日榜复原,B,https://www.weibotop.cn/daily/2026-06-27,https://www.weibotop.cn/topic/WndQHA,,根据历史榜单复原
95,韩国第8,2026-06-27,2026-06-27,1,88,11,小组赛阶段,赛事衍生/社会话题,人工复核：世界杯赛程/赛场关联,公开日榜复原,B,https://www.weibotop.cn/daily/2026-06-27,https://www.weibotop.cn/topic/WndRyw,,根据历史榜单复原
96,韩国民众怒火滔天,2026-06-27,2026-06-27,1,68,21,小组赛阶段,赛事衍生/社会话题,人工复核：世界杯赛程/赛场关联,公开日榜复原,B,https://www.weibotop.cn/daily/2026-06-27,https://www.weibotop.cn/topic/WndQVQ,,根据历史榜单复原
97,挪威1比4法国,2026-06-27,2026-06-27,1,91,9,小组赛阶段,赛况/结果,比分+球队：法国,公开日榜复原,B,https://www.weibotop.cn/daily/2026-06-27,https://www.weibotop.cn/topic/WndQCQ,,根据历史榜单复原
98,挪威vs法国,2026-06-27,2026-06-27,1,67,17,小组赛阶段,赛况/结果,人工复核：世界杯赛程/赛场关联,公开日榜复原,B,https://www.weibotop.cn/daily/2026-06-27,https://www.weibotop.cn/topic/WndQ4g,,根据历史榜单复原
99,哥伦比亚vs葡萄牙,2026-06-28,2026-06-28,1,52,10,小组赛阶段,赛况/结果,人工复核：世界杯赛程/赛场关联,公开日榜复原,B,https://www.weibotop.cn/daily/2026-06-28,https://www.weibotop.cn/topic/WndS5g,,根据历史榜单复原
100,克罗地亚2比1加纳,2026-06-28,2026-06-28,1,37,19,小组赛阶段,赛况/结果,比分+球队：克罗地亚,公开日榜复原,B,https://www.weibotop.cn/daily/2026-06-28,https://www.weibotop.cn/topic/WndS9g,,根据历史榜单复原
101,世界杯32强全名单,2026-06-28,2026-06-28,1,109,6,小组赛阶段,赛事衍生/社会话题,直接词：世界杯,公开日榜复原,B,https://www.weibotop.cn/daily/2026-06-28,https://www.weibotop.cn/topic/WndScA,,根据历史榜单复原
102,伊朗出局,2026-06-28,2026-06-28,1,91,5,小组赛阶段,赛事衍生/社会话题,人工复核：世界杯赛程/赛场关联,公开日榜复原,B,https://www.weibotop.cn/daily/2026-06-28,https://www.weibotop.cn/topic/WndSeg,,根据历史榜单复原
103,伊朗队队长怒斥国际足联,2026-06-28,2026-06-29,2,84,15,小组赛阶段,赛事衍生/社会话题,人工复核：世界杯赛程/赛场关联,公开日榜复原,B,https://www.weibotop.cn/daily/2026-06-28,https://www.weibotop.cn/topic/WndTLw,,根据历史榜单复原
104,韩国国脚每人获35.5万奖金,2026-06-29,2026-06-29,1,53,18,32强淘汰赛阶段,商业/传播,人工复核：世界杯赛程/赛场关联,公开日榜复原,B,https://www.weibotop.cn/daily/2026-06-29,https://www.weibotop.cn/topic/WndMNA,,根据历史榜单复原
105,韩媒称韩国队遭中国网民嘲讽,2026-06-29,2026-06-29,1,27,8,32强淘汰赛阶段,赛事衍生/社会话题,人工复核：世界杯赛程/赛场关联,公开日榜复原,B,https://www.weibotop.cn/daily/2026-06-29,https://www.weibotop.cn/topic/WndMpg,,根据历史榜单复原
106,加拿大92分钟绝杀,2026-06-29,2026-06-29,1,49,15,32强淘汰赛阶段,赛况/结果,球队+足球语境：加拿大/绝杀,公开日榜复原,B,https://www.weibotop.cn/daily/2026-06-29,https://www.weibotop.cn/topic/WndMgQ,,根据历史榜单复原
107,FIFA被呼吁调查阿尔及利亚奥地利比赛,2026-06-29,2026-06-29,1,46,9,32强淘汰赛阶段,裁判/规则,直接词：FIFA,公开日榜复原,B,https://www.weibotop.cn/daily/2026-06-29,https://www.weibotop.cn/topic/WndNig,,根据历史榜单复原
108,巴西绝杀,2026-06-30,2026-06-30,1,112,4,32强淘汰赛阶段,赛况/结果,球队+足球语境：巴西/绝杀,公开日榜复原,B,https://www.weibotop.cn/daily/2026-06-30,https://www.weibotop.cn/topic/WnrjKg,,根据历史榜单复原
109,巴西vs日本,2026-06-30,2026-06-30,1,90,6,32强淘汰赛阶段,赛况/结果,人工复核：世界杯赛程/赛场关联,公开日榜复原,B,https://www.weibotop.cn/daily/2026-06-30,https://www.weibotop.cn/topic/WndNJg,,根据历史榜单复原
110,德国队多人犹豫不决不愿罚点球,2026-06-30,2026-06-30,1,25,21,32强淘汰赛阶段,赛况/结果,球队+足球语境：德国/点球,公开日榜复原,B,https://www.weibotop.cn/daily/2026-06-30,https://www.weibotop.cn/topic/WndP7Q,,根据历史榜单复原
111,德国队已原地解散,2026-06-30,2026-06-30,1,64,10,32强淘汰赛阶段,赛事衍生/社会话题,人工复核：世界杯赛程/赛场关联,公开日榜复原,B,https://www.weibotop.cn/daily/2026-06-30,https://www.weibotop.cn/topic/WndPiA,,根据历史榜单复原
112,德国淘汰,2026-06-30,2026-06-30,1,70,2,32强淘汰赛阶段,赛况/结果,球队+足球语境：德国/淘汰,公开日榜复原,B,https://www.weibotop.cn/daily/2026-06-30,https://www.weibotop.cn/topic/Wn8C5g,,根据历史榜单复原
113,德国vs巴拉圭,2026-06-30,2026-06-30,1,68,16,32强淘汰赛阶段,赛况/结果,人工复核：世界杯赛程/赛场关联,公开日榜复原,B,https://www.weibotop.cn/daily/2026-06-30,https://www.weibotop.cn/topic/WndNTA,,根据历史榜单复原
114,荷兰淘汰,2026-06-30,2026-06-30,1,62,3,32强淘汰赛阶段,赛况/结果,球队+足球语境：荷兰/淘汰,公开日榜复原,B,https://www.weibotop.cn/daily/2026-06-30,https://www.weibotop.cn/topic/WndOxA,,根据历史榜单复原
115,荷兰vs摩洛哥,2026-06-30,2026-06-30,1,57,7,32强淘汰赛阶段,赛况/结果,人工复核：世界杯赛程/赛场关联,公开日榜复原,B,https://www.weibotop.cn/daily/2026-06-30,https://www.weibotop.cn/topic/WndOng,,根据历史榜单复原
116,日本进球,2026-06-30,2026-06-30,1,77,20,32强淘汰赛阶段,赛况/结果,球队+足球语境：日本/进球,公开日榜复原,B,https://www.weibotop.cn/daily/2026-06-30,https://www.weibotop.cn/topic/Wn9-Sg,,根据历史榜单复原
117,日本淘汰,2026-06-30,2026-06-30,1,70,11,32强淘汰赛阶段,赛况/结果,球队+足球语境：日本/淘汰,公开日榜复原,B,https://www.weibotop.cn/daily/2026-06-30,https://www.weibotop.cn/topic/WndNUw,,根据历史榜单复原
118,日本在外网翻车,2026-06-30,2026-06-30,1,76,12,32强淘汰赛阶段,赛事衍生/社会话题,人工复核：世界杯赛程/赛场关联,公开日榜复原,B,https://www.weibotop.cn/daily/2026-06-30,https://www.weibotop.cn/topic/WndOJg,,根据历史榜单复原
119,哈兰德绝杀惊动挪威测震仪,2026-07-01,2026-07-01,1,53,12,32强淘汰赛阶段,赛况/结果,人物词：哈兰德,公开日榜复原,B,https://www.weibotop.cn/daily/2026-07-01,https://www.weibotop.cn/topic/WndJmw,,根据历史榜单复原
120,哈兰德绝杀破门,2026-07-01,2026-07-01,1,110,2,32强淘汰赛阶段,赛况/结果,人物词：哈兰德,公开日榜复原,B,https://www.weibotop.cn/daily/2026-07-01,https://www.weibotop.cn/topic/WndPJQ,,根据历史榜单复原
121,姆巴佩世界杯射手榜第二,2026-07-01,2026-07-01,1,62,5,32强淘汰赛阶段,赛况/结果,直接词：世界杯,公开日榜复原,B,https://www.weibotop.cn/daily/2026-07-01,https://www.weibotop.cn/topic/WndPRA,,根据历史榜单复原
122,比利时 内讧,2026-07-02,2026-07-02,1,69,4,32强淘汰赛阶段,赛事衍生/社会话题,人工复核：世界杯赛程/赛场关联,公开日榜复原,B,https://www.weibotop.cn/daily/2026-07-02,https://www.weibotop.cn/topic/WndJDg,,根据历史榜单复原
123,比利时让2追3,2026-07-02,2026-07-02,1,40,5,32强淘汰赛阶段,赛事衍生/社会话题,人工复核：世界杯赛程/赛场关联,公开日榜复原,B,https://www.weibotop.cn/daily/2026-07-02,https://www.weibotop.cn/topic/WndJAQ,,根据历史榜单复原
124,比利时vs塞内加尔,2026-07-02,2026-07-02,1,58,19,32强淘汰赛阶段,赛况/结果,人工复核：世界杯赛程/赛场关联,公开日榜复原,B,https://www.weibotop.cn/daily/2026-07-02,https://www.weibotop.cn/topic/WndJEQ,,根据历史榜单复原
125,佛得角首次世界杯就进16强,2026-07-02,2026-07-02,1,18,9,32强淘汰赛阶段,赛事衍生/社会话题,直接词：世界杯,公开日榜复原,B,https://www.weibotop.cn/daily/2026-07-02,https://www.weibotop.cn/topic/WndLig,,根据历史榜单复原
126,凯恩梅开二度,2026-07-02,2026-07-02,1,80,11,32强淘汰赛阶段,赛事衍生/社会话题,人物词：凯恩,公开日榜复原,B,https://www.weibotop.cn/daily/2026-07-02,https://www.weibotop.cn/topic/WnrWow,,根据历史榜单复原
127,英格兰vs民主刚果,2026-07-02,2026-07-02,1,93,10,32强淘汰赛阶段,赛况/结果,人工复核：世界杯赛程/赛场关联,公开日榜复原,B,https://www.weibotop.cn/daily/2026-07-02,https://www.weibotop.cn/topic/WndJ_g,,根据历史榜单复原
128,C罗8场世界杯淘汰赛0球0助,2026-07-02,2026-07-03,2,114,20,32强淘汰赛阶段,赛况/结果,直接词：世界杯,公开日榜复原,B,https://www.weibotop.cn/daily/2026-07-02,https://www.weibotop.cn/topic/WndL3Q,,根据历史榜单复原
129,克罗地亚绝平球被吹,2026-07-03,2026-07-03,1,39,19,32强淘汰赛阶段,裁判/规则,人工复核：世界杯赛程/赛场关联,公开日榜复原,B,https://www.weibotop.cn/daily/2026-07-03,https://www.weibotop.cn/topic/WndLNw,,根据历史榜单复原
130,莫德里奇炮轰裁判,2026-07-03,2026-07-03,1,83,10,32强淘汰赛阶段,裁判/规则,人工复核：世界杯赛程/赛场关联,公开日榜复原,B,https://www.weibotop.cn/daily/2026-07-03,https://www.weibotop.cn/topic/WndErg,,根据历史榜单复原
131,西班牙3比0奥地利,2026-07-03,2026-07-03,1,55,17,32强淘汰赛阶段,赛况/结果,比分+球队：西班牙,公开日榜复原,B,https://www.weibotop.cn/daily/2026-07-03,https://www.weibotop.cn/topic/WndL6g,,根据历史榜单复原
132,西班牙vs奥地利,2026-07-03,2026-07-03,1,86,18,32强淘汰赛阶段,赛况/结果,人工复核：世界杯赛程/赛场关联,公开日榜复原,B,https://www.weibotop.cn/daily/2026-07-03,https://www.weibotop.cn/topic/WndL-g,,根据历史榜单复原
133,C罗点球破门,2026-07-03,2026-07-03,1,36,20,32强淘汰赛阶段,赛况/结果,人物词：C罗,公开日榜复原,B,https://www.weibotop.cn/daily/2026-07-03,https://www.weibotop.cn/topic/WnroUA,,根据历史榜单复原
134,C罗哭了,2026-07-03,2026-07-03,1,84,4,32强淘汰赛阶段,球星/球队舆情,人物词：C罗,公开日榜复原,B,https://www.weibotop.cn/daily/2026-07-03,https://www.weibotop.cn/topic/Wn8O_g,,根据历史榜单复原
135,FIFA官方证实克罗地亚绝平球无效,2026-07-03,2026-07-03,1,65,14,32强淘汰赛阶段,裁判/规则,直接词：FIFA,公开日榜复原,B,https://www.weibotop.cn/daily/2026-07-03,https://www.weibotop.cn/topic/WndLYw,,根据历史榜单复原
136,澳大利亚vs埃及,2026-07-04,2026-07-04,1,71,15,32强淘汰赛阶段,赛况/结果,人工复核：世界杯赛程/赛场关联,公开日榜复原,B,https://www.weibotop.cn/daily/2026-07-04,https://www.weibotop.cn/topic/WndF2A,,根据历史榜单复原
137,佛得角扳平,2026-07-04,2026-07-04,1,27,5,32强淘汰赛阶段,赛事衍生/社会话题,人工复核：世界杯赛程/赛场关联,公开日榜复原,B,https://www.weibotop.cn/daily/2026-07-04,https://www.weibotop.cn/topic/WndFwQ,,根据历史榜单复原
138,佛得角队收获1100万美元奖金,2026-07-04,2026-07-04,1,111,8,32强淘汰赛阶段,商业/传播,人工复核：世界杯赛程/赛场关联,公开日榜复原,B,https://www.weibotop.cn/daily/2026-07-04,https://www.weibotop.cn/topic/WndFQA,,根据历史榜单复原
139,佛得角更衣室哭了,2026-07-04,2026-07-04,1,87,21,32强淘汰赛阶段,球星/球队舆情,人工复核：世界杯赛程/赛场关联,公开日榜复原,B,https://www.weibotop.cn/daily/2026-07-04,https://www.weibotop.cn/topic/WndFeQ,,根据历史榜单复原
140,佛得角进球,2026-07-04,2026-07-04,1,16,20,32强淘汰赛阶段,赛况/结果,球队+足球语境：佛得角/进球,公开日榜复原,B,https://www.weibotop.cn/daily/2026-07-04,https://www.weibotop.cn/topic/WndFwA,,根据历史榜单复原
141,佛得角门将 封神,2026-07-04,2026-07-04,1,122,2,32强淘汰赛阶段,球星/球队舆情,球队+足球语境：佛得角/门将,公开日榜复原,B,https://www.weibotop.cn/daily/2026-07-04,https://www.weibotop.cn/topic/WndF_Q,,根据历史榜单复原
142,佛得角门将 俱乐部不要他了,2026-07-04,2026-07-04,1,170,6,32强淘汰赛阶段,球星/球队舆情,球队+足球语境：佛得角/门将,公开日榜复原,B,https://www.weibotop.cn/daily/2026-07-04,https://www.weibotop.cn/topic/WndFEw,,根据历史榜单复原
143,佛得角门将回应被阿根廷淘汰,2026-07-04,2026-07-04,1,51,19,32强淘汰赛阶段,赛况/结果,球队+足球语境：阿根廷/门将,公开日榜复原,B,https://www.weibotop.cn/daily/2026-07-04,https://www.weibotop.cn/topic/WndFdA,,根据历史榜单复原
144,佛得角再次感谢中国,2026-07-04,2026-07-05,2,85,14,32强淘汰赛阶段,赛事衍生/社会话题,人工复核：世界杯赛程/赛场关联,公开日榜复原,B,https://www.weibotop.cn/daily/2026-07-04,https://www.weibotop.cn/topic/WndG1g,,根据历史榜单复原
145,韩国网友拿佛得角嘲讽国足,2026-07-04,2026-07-04,1,17,11,32强淘汰赛阶段,赛事衍生/社会话题,人工复核：世界杯赛程/赛场关联,公开日榜复原,B,https://www.weibotop.cn/daily/2026-07-04,https://www.weibotop.cn/topic/WndGxw,,根据历史榜单复原
146,克罗地亚媒体怒批球队被抢劫,2026-07-04,2026-07-04,1,98,16,32强淘汰赛阶段,球星/球队舆情,人工复核：世界杯赛程/赛场关联,公开日榜复原,B,https://www.weibotop.cn/daily/2026-07-04,https://www.weibotop.cn/topic/WndFtg,,根据历史榜单复原
147,西班牙此身从此分明了,2026-07-04,2026-07-04,1,91,18,32强淘汰赛阶段,赛事衍生/社会话题,人工复核：世界杯赛程/赛场关联,公开日榜复原,B,https://www.weibotop.cn/daily/2026-07-04,https://www.weibotop.cn/topic/WndF4w,,根据历史榜单复原
148,巴拉圭第99分钟了还在扒拉,2026-07-05,2026-07-05,1,58,16,16强阶段,赛事衍生/社会话题,人工复核：世界杯赛程/赛场关联,公开日榜复原,B,https://www.weibotop.cn/daily/2026-07-05,https://www.weibotop.cn/topic/WndAmA,,根据历史榜单复原
149,巴拉圭法国冲突,2026-07-05,2026-07-05,1,83,2,16强阶段,球星/球队舆情,人工复核：世界杯赛程/赛场关联,公开日榜复原,B,https://www.weibotop.cn/daily/2026-07-05,https://www.weibotop.cn/topic/WndGbg,,根据历史榜单复原
150,巴拉圭门将用球砸姆巴佩,2026-07-05,2026-07-05,1,91,3,16强阶段,球星/球队舆情,人物词：姆巴佩,公开日榜复原,B,https://www.weibotop.cn/daily/2026-07-05,https://www.weibotop.cn/topic/WndHtQ,,根据历史榜单复原
151,巴拉圭vs法国,2026-07-05,2026-07-05,1,48,5,16强阶段,赛况/结果,人工复核：世界杯赛程/赛场关联,公开日榜复原,B,https://www.weibotop.cn/daily/2026-07-05,https://www.weibotop.cn/topic/WndGcw,,根据历史榜单复原
152,梅里雪山惊现佛得角门将,2026-07-05,2026-07-05,1,52,8,16强阶段,球星/球队舆情,球队+足球语境：佛得角/门将,公开日榜复原,B,https://www.weibotop.cn/daily/2026-07-05,https://www.weibotop.cn/topic/WndHNw,,根据历史榜单复原
153,姆巴佩被肘击,2026-07-05,2026-07-05,1,44,19,16强阶段,球星/球队舆情,人物词：姆巴佩,公开日榜复原,B,https://www.weibotop.cn/daily/2026-07-05,https://www.weibotop.cn/topic/WndGaQ,,根据历史榜单复原
154,姆巴佩真的生气了,2026-07-05,2026-07-05,1,74,21,16强阶段,球星/球队舆情,人物词：姆巴佩,公开日榜复原,B,https://www.weibotop.cn/daily/2026-07-05,https://www.weibotop.cn/topic/WndHhQ,,根据历史榜单复原
155,巴西VS挪威,2026-07-06,2026-07-06,1,85,3,16强阶段,赛况/结果,人工复核：世界杯赛程/赛场关联,公开日榜复原,B,https://www.weibotop.cn/daily/2026-07-06,https://www.weibotop.cn/topic/WndA7g,,根据历史榜单复原
156,佛得角队在机场被疯狂包围,2026-07-06,2026-07-06,1,105,13,16强阶段,赛事衍生/社会话题,人工复核：世界杯赛程/赛场关联,公开日榜复原,B,https://www.weibotop.cn/daily/2026-07-06,https://www.weibotop.cn/topic/WndAzw,,根据历史榜单复原
157,佛得角邀国足踢友谊赛被婉拒,2026-07-06,2026-07-06,1,73,12,16强阶段,赛事衍生/社会话题,人工复核：世界杯赛程/赛场关联,公开日榜复原,B,https://www.weibotop.cn/daily/2026-07-06,https://www.weibotop.cn/topic/WndAbA,,根据历史榜单复原
158,哈兰德又偷喝了对方门将的水,2026-07-06,2026-07-06,1,79,14,16强阶段,球星/球队舆情,人物词：哈兰德,公开日榜复原,B,https://www.weibotop.cn/daily/2026-07-06,https://www.weibotop.cn/topic/WndAbQ,,根据历史榜单复原
159,墨西哥vs英格兰,2026-07-06,2026-07-06,1,61,9,16强阶段,赛况/结果,人工复核：世界杯赛程/赛场关联,公开日榜复原,B,https://www.weibotop.cn/daily/2026-07-06,https://www.weibotop.cn/topic/WndAEA,,根据历史榜单复原
160,内马尔,2026-07-06,2026-07-06,1,53,18,16强阶段,球星/球队舆情,人工复核：世界杯赛程/赛场关联,公开日榜复原,B,https://www.weibotop.cn/daily/2026-07-06,https://www.weibotop.cn/topic/WnvKDg,,根据历史榜单复原
161,内马尔从巴西国家队退役,2026-07-06,2026-07-06,1,111,6,16强阶段,球星/球队舆情,球队+足球语境：巴西/国家队,公开日榜复原,B,https://www.weibotop.cn/daily/2026-07-06,https://www.weibotop.cn/topic/WndAPw,,根据历史榜单复原
162,内马尔哭了,2026-07-06,2026-07-06,1,66,5,16强阶段,球星/球队舆情,人工复核：世界杯赛程/赛场关联,公开日榜复原,B,https://www.weibotop.cn/daily/2026-07-06,https://www.weibotop.cn/topic/Wn916w,,根据历史榜单复原
163,英格兰红牌,2026-07-06,2026-07-06,1,29,21,16强阶段,裁判/规则,球队+足球语境：英格兰/红牌,公开日榜复原,B,https://www.weibotop.cn/daily/2026-07-06,https://www.weibotop.cn/topic/WndAXQ,,根据历史榜单复原
164,比利时官方嘲讽美国,2026-07-07,2026-07-07,1,95,9,16强阶段,赛事衍生/社会话题,人工复核：世界杯赛程/赛场关联,公开日榜复原,B,https://www.weibotop.cn/daily/2026-07-07,https://www.weibotop.cn/topic/WndCBw,,根据历史榜单复原
165,还我佛得角,2026-07-07,2026-07-07,1,94,7,16强阶段,赛事衍生/社会话题,人工复核：世界杯赛程/赛场关联,公开日榜复原,B,https://www.weibotop.cn/daily/2026-07-07,https://www.weibotop.cn/topic/WndCuw,,根据历史榜单复原
166,美国vs比利时,2026-07-07,2026-07-07,1,34,12,16强阶段,赛况/结果,人工复核：世界杯赛程/赛场关联,公开日榜复原,B,https://www.weibotop.cn/daily/2026-07-07,https://www.weibotop.cn/topic/WndC3g,,根据历史榜单复原
167,葡萄牙vs西班牙,2026-07-07,2026-07-07,1,73,3,16强阶段,赛况/结果,人工复核：世界杯赛程/赛场关联,公开日榜复原,B,https://www.weibotop.cn/daily/2026-07-07,https://www.weibotop.cn/topic/WnL2LA,,根据历史榜单复原
168,C罗称葡萄牙在我之前没有任何冠军,2026-07-07,2026-07-07,1,80,17,16强阶段,赛况/结果,人物词：C罗,公开日榜复原,B,https://www.weibotop.cn/daily/2026-07-07,https://www.weibotop.cn/topic/WndCyg,,根据历史榜单复原
169,C罗最后一舞遗憾落幕,2026-07-07,2026-07-07,1,63,2,16强阶段,球星/球队舆情,人物词：C罗,公开日榜复原,B,https://www.weibotop.cn/daily/2026-07-07,https://www.weibotop.cn/topic/WndCuA,,根据历史榜单复原
170,阿根廷 脏,2026-07-08,2026-07-20,2,237,3,16强阶段,赛事衍生/社会话题,人工复核：世界杯赛程/赛场关联,公开日榜复原,B,https://www.weibotop.cn/daily/2026-07-08,https://www.weibotop.cn/topic/WndDKA,,根据历史榜单复原
171,阿根廷3比2埃及,2026-07-08,2026-07-08,1,87,15,16强阶段,赛况/结果,比分+球队：阿根廷,公开日榜复原,B,https://www.weibotop.cn/daily/2026-07-08,https://www.weibotop.cn/topic/WndDXw,,根据历史榜单复原
172,阿根廷点球被扑,2026-07-08,2026-07-08,1,81,18,16强阶段,赛况/结果,球队+足球语境：阿根廷/点球,公开日榜复原,B,https://www.weibotop.cn/daily/2026-07-08,https://www.weibotop.cn/topic/WndDPA,,根据历史榜单复原
173,阿根廷vs埃及,2026-07-08,2026-07-08,1,110,2,16强阶段,赛况/结果,人工复核：世界杯赛程/赛场关联,公开日榜复原,B,https://www.weibotop.cn/daily/2026-07-08,https://www.weibotop.cn/topic/WndDAg,,根据历史榜单复原
174,埃及队抗议,2026-07-08,2026-07-08,1,43,17,16强阶段,赛事衍生/社会话题,人工复核：世界杯赛程/赛场关联,公开日榜复原,B,https://www.weibotop.cn/daily/2026-07-08,https://www.weibotop.cn/topic/WndDTg,,根据历史榜单复原
175,埃及足协正式申诉 要求调查主裁判,2026-07-08,2026-07-08,1,68,5,16强阶段,裁判/规则,人工复核：世界杯赛程/赛场关联,公开日榜复原,B,https://www.weibotop.cn/daily/2026-07-08,https://www.weibotop.cn/topic/Wne8hw,,根据历史榜单复原
176,法国球员回应全阿根廷裁判组执法,2026-07-08,2026-07-08,1,42,14,16强阶段,裁判/规则,球队+足球语境：阿根廷/球员,公开日榜复原,B,https://www.weibotop.cn/daily/2026-07-08,https://www.weibotop.cn/topic/Wne8Pw,,根据历史榜单复原
177,莫德里奇点赞达利奇,2026-07-08,2026-07-08,1,61,13,16强阶段,赛事衍生/社会话题,人工复核：世界杯赛程/赛场关联,公开日榜复原,B,https://www.weibotop.cn/daily/2026-07-08,https://www.weibotop.cn/topic/Wne8Iw,,根据历史榜单复原
178,挪威队多人生病,2026-07-08,2026-07-08,1,68,10,16强阶段,赛事衍生/社会话题,人工复核：世界杯赛程/赛场关联,公开日榜复原,B,https://www.weibotop.cn/daily/2026-07-08,https://www.weibotop.cn/topic/Wne8xA,,根据历史榜单复原
179,世界杯8强全部产生,2026-07-08,2026-07-08,1,59,21,16强阶段,赛事衍生/社会话题,直接词：世界杯,公开日榜复原,B,https://www.weibotop.cn/daily/2026-07-08,https://www.weibotop.cn/topic/WndDcA,,根据历史榜单复原
180,世界杯冠军直接颁给门将吧,2026-07-08,2026-07-08,1,116,20,16强阶段,赛况/结果,直接词：世界杯,公开日榜复原,B,https://www.weibotop.cn/daily/2026-07-08,https://www.weibotop.cn/topic/WndDNQ,,根据历史榜单复原
181,苏醒回应阿根廷队黑赢,2026-07-08,2026-07-08,1,78,16,16强阶段,球星/球队舆情,人工复核：世界杯赛程/赛场关联,公开日榜复原,B,https://www.weibotop.cn/daily/2026-07-08,https://www.weibotop.cn/topic/WndDeg,,根据历史榜单复原
182,阿根廷 裁判,2026-07-09,2026-07-09,1,56,6,8强阶段,裁判/规则,人工复核：世界杯赛程/赛场关联,公开日榜复原,B,https://www.weibotop.cn/daily/2026-07-09,https://www.weibotop.cn/topic/Wne-mw,,根据历史榜单复原
183,FBI调查阿根廷足协在美资金运作,2026-07-09,2026-07-09,1,47,21,8强阶段,赛事衍生/社会话题,人工复核：世界杯赛程/赛场关联,公开日榜复原,B,https://www.weibotop.cn/daily/2026-07-09,https://www.weibotop.cn/topic/Wne9Jg,,根据历史榜单复原
184,FIFA认定阿根廷进球判罚正确,2026-07-09,2026-07-09,1,56,10,8强阶段,裁判/规则,直接词：FIFA,公开日榜复原,B,https://www.weibotop.cn/daily/2026-07-09,https://www.weibotop.cn/topic/Wne-5w,,根据历史榜单复原
185,法国2比0摩洛哥,2026-07-10,2026-07-10,1,61,6,8强阶段,赛况/结果,比分+球队：法国,公开日榜复原,B,https://www.weibotop.cn/daily/2026-07-10,https://www.weibotop.cn/topic/Wn9t5A,,根据历史榜单复原
186,法国vs摩洛哥,2026-07-10,2026-07-10,1,65,5,8强阶段,赛况/结果,人工复核：世界杯赛程/赛场关联,公开日榜复原,B,https://www.weibotop.cn/daily/2026-07-10,https://www.weibotop.cn/topic/Wn93zg,,根据历史榜单复原
187,哈兰德吐槽姆巴佩点球被叫停,2026-07-10,2026-07-10,1,56,13,8强阶段,赛况/结果,人物词：姆巴佩,公开日榜复原,B,https://www.weibotop.cn/daily/2026-07-10,https://www.weibotop.cn/topic/Wne_2A,,根据历史榜单复原
188,姆巴佩受伤,2026-07-10,2026-07-10,1,76,4,8强阶段,球星/球队舆情,人物词：姆巴佩,公开日榜复原,B,https://www.weibotop.cn/daily/2026-07-10,https://www.weibotop.cn/topic/WnJpHg,,根据历史榜单复原
189,退钱哥被甲亢哥轰出包厢,2026-07-10,2026-07-10,1,37,21,8强阶段,赛事衍生/社会话题,人工复核：世界杯赛程/赛场关联,公开日榜复原,B,https://www.weibotop.cn/daily/2026-07-10,https://www.weibotop.cn/topic/Wne_Hw,,根据历史榜单复原
190,西班牙VS比利时,2026-07-11,2026-07-11,1,106,13,8强阶段,赛况/结果,人工复核：世界杯赛程/赛场关联,公开日榜复原,B,https://www.weibotop.cn/daily/2026-07-11,https://www.weibotop.cn/topic/Wne4Mg,,根据历史榜单复原
191,阿根廷3比1瑞士,2026-07-12,2026-07-12,1,47,4,8强阶段,赛况/结果,比分+球队：阿根廷,公开日榜复原,B,https://www.weibotop.cn/daily/2026-07-12,https://www.weibotop.cn/topic/Wne6Lw,,根据历史榜单复原
192,阿根廷vs瑞士,2026-07-12,2026-07-12,1,76,2,8强阶段,赛况/结果,人工复核：世界杯赛程/赛场关联,公开日榜复原,B,https://www.weibotop.cn/daily/2026-07-12,https://www.weibotop.cn/topic/Wne5zQ,,根据历史榜单复原
193,樊振东将解说世界杯决赛,2026-07-12,2026-07-13,2,117,7,8强阶段,赛况/结果,直接词：世界杯,公开日榜复原,B,https://www.weibotop.cn/daily/2026-07-12,https://www.weibotop.cn/topic/Wne7DA,,根据历史榜单复原
194,哈兰德说我现在已经彻底累垮了,2026-07-12,2026-07-12,1,69,19,8强阶段,球星/球队舆情,人物词：哈兰德,公开日榜复原,B,https://www.weibotop.cn/daily/2026-07-12,https://www.weibotop.cn/topic/Wne7mg,,根据历史榜单复原
195,哈兰德推人 进球无效,2026-07-12,2026-07-12,1,60,12,8强阶段,裁判/规则,人物词：哈兰德,公开日榜复原,B,https://www.weibotop.cn/daily/2026-07-12,https://www.weibotop.cn/topic/Wne61w,,根据历史榜单复原
196,挪威vs英格兰,2026-07-12,2026-07-12,1,86,3,8强阶段,赛况/结果,人工复核：世界杯赛程/赛场关联,公开日榜复原,B,https://www.weibotop.cn/daily/2026-07-12,https://www.weibotop.cn/topic/Wne_0g,,根据历史榜单复原
197,瑞士 脏,2026-07-12,2026-07-12,1,66,10,8强阶段,赛事衍生/社会话题,人工复核：世界杯赛程/赛场关联,公开日榜复原,B,https://www.weibotop.cn/daily/2026-07-12,https://www.weibotop.cn/topic/Wne6Fg,,根据历史榜单复原
198,世界排名前4球队均晋级世界杯4强,2026-07-12,2026-07-12,1,71,15,8强阶段,赛况/结果,直接词：世界杯,公开日榜复原,B,https://www.weibotop.cn/daily/2026-07-12,https://www.weibotop.cn/topic/Wne6Qw,,根据历史榜单复原
199,英格兰派出了贝林哄哈兰德,2026-07-12,2026-07-12,1,83,9,8强阶段,球星/球队舆情,人物词：哈兰德,公开日榜复原,B,https://www.weibotop.cn/daily/2026-07-12,https://www.weibotop.cn/topic/Wne7tg,,根据历史榜单复原
200,阿根廷申请半决赛穿客场队服,2026-07-13,2026-07-13,1,68,7,半决赛阶段,赛况/结果,球队+足球语境：阿根廷/半决赛,公开日榜复原,B,https://www.weibotop.cn/daily/2026-07-13,https://www.weibotop.cn/topic/Wne0zw,,根据历史榜单复原
201,范志毅批哈兰德表现糟糕,2026-07-13,2026-07-13,1,122,21,半决赛阶段,球星/球队舆情,人物词：哈兰德,公开日榜复原,B,https://www.weibotop.cn/daily/2026-07-13,https://www.weibotop.cn/topic/Wne7WA,,根据历史榜单复原
202,阿根廷队想给广西捐赠物资,2026-07-14,2026-07-14,1,63,13,半决赛阶段,赛事衍生/社会话题,人工复核：世界杯赛程/赛场关联,公开日榜复原,B,https://www.weibotop.cn/daily/2026-07-14,https://www.weibotop.cn/topic/Wne1Kg,,根据历史榜单复原
203,阿根廷主帅回击请愿逐出阿根廷,2026-07-14,2026-07-14,1,66,17,半决赛阶段,赛事衍生/社会话题,人工复核：世界杯赛程/赛场关联,公开日榜复原,B,https://www.weibotop.cn/daily/2026-07-14,https://www.weibotop.cn/topic/Wne2rg,,根据历史榜单复原
204,超250万人请愿将阿根廷逐出世界杯,2026-07-14,2026-07-14,1,67,2,半决赛阶段,赛事衍生/社会话题,直接词：世界杯,公开日榜复原,B,https://www.weibotop.cn/daily/2026-07-14,https://www.weibotop.cn/topic/Wne1dw,,根据历史榜单复原
205,哈兰德抱着浣熊回挪威,2026-07-14,2026-07-14,1,54,3,半决赛阶段,球星/球队舆情,人物词：哈兰德,公开日榜复原,B,https://www.weibotop.cn/daily/2026-07-14,https://www.weibotop.cn/topic/Wne1TQ,,根据历史榜单复原
206,请愿逐出阿根廷人数已超500万,2026-07-14,2026-07-14,1,78,4,半决赛阶段,赛事衍生/社会话题,人工复核：世界杯赛程/赛场关联,公开日榜复原,B,https://www.weibotop.cn/daily/2026-07-14,https://www.weibotop.cn/topic/Wne2_w,,根据历史榜单复原
207,奥利塞 逃牌,2026-07-15,2026-07-15,1,44,21,半决赛阶段,裁判/规则,人物词：奥利塞,公开日榜复原,B,https://www.weibotop.cn/daily/2026-07-15,https://www.weibotop.cn/topic/Wne3wA,,根据历史榜单复原
208,法国 梦游,2026-07-15,2026-07-15,1,41,16,半决赛阶段,赛事衍生/社会话题,人工复核：世界杯赛程/赛场关联,公开日榜复原,B,https://www.weibotop.cn/daily/2026-07-15,https://www.weibotop.cn/topic/Wne3_A,,根据历史榜单复原
209,法国0比2西班牙,2026-07-15,2026-07-15,1,71,4,半决赛阶段,赛况/结果,比分+球队：法国,公开日榜复原,B,https://www.weibotop.cn/daily/2026-07-15,https://www.weibotop.cn/topic/Wne3-Q,,根据历史榜单复原
210,法国vs西班牙,2026-07-15,2026-07-15,1,104,5,半决赛阶段,赛况/结果,人工复核：世界杯赛程/赛场关联,公开日榜复原,B,https://www.weibotop.cn/daily/2026-07-15,https://www.weibotop.cn/topic/Wne3yw,,根据历史榜单复原
211,佛得角的含金量还在上升,2026-07-15,2026-07-15,1,71,17,半决赛阶段,赛事衍生/社会话题,人工复核：世界杯赛程/赛场关联,公开日榜复原,B,https://www.weibotop.cn/daily/2026-07-15,https://www.weibotop.cn/topic/Wne3-g,,根据历史榜单复原
212,克罗地亚长文致函FIFA,2026-07-15,2026-07-15,1,31,20,半决赛阶段,裁判/规则,直接词：FIFA,公开日榜复原,B,https://www.weibotop.cn/daily/2026-07-15,https://www.weibotop.cn/topic/WnewJQ,,根据历史榜单复原
213,西班牙队夺冠奖金曝光,2026-07-15,2026-07-15,1,53,13,半决赛阶段,商业/传播,球队+足球语境：西班牙/夺冠,公开日榜复原,B,https://www.weibotop.cn/daily/2026-07-15,https://www.weibotop.cn/topic/Wne3cQ,,根据历史榜单复原
214,西班牙进球前一分钟的宇宙级传控,2026-07-15,2026-07-15,1,71,11,半决赛阶段,赛况/结果,球队+足球语境：西班牙/进球,公开日榜复原,B,https://www.weibotop.cn/daily/2026-07-15,https://www.weibotop.cn/topic/Wnewjg,,根据历史榜单复原
215,西班牙首相就法国队没法国人道歉,2026-07-15,2026-07-15,1,63,15,半决赛阶段,赛事衍生/社会话题,人工复核：世界杯赛程/赛场关联,公开日榜复原,B,https://www.weibotop.cn/daily/2026-07-15,https://www.weibotop.cn/topic/Wnew5g,,根据历史榜单复原
216,阿根廷的最后十分钟怎么了,2026-07-16,2026-07-16,1,56,16,半决赛阶段,赛事衍生/社会话题,人工复核：世界杯赛程/赛场关联,公开日榜复原,B,https://www.weibotop.cn/daily/2026-07-16,https://www.weibotop.cn/topic/Wney9g,,根据历史榜单复原
217,阿根廷或遭罚,2026-07-16,2026-07-16,1,92,6,半决赛阶段,赛事衍生/社会话题,人工复核：世界杯赛程/赛场关联,公开日榜复原,B,https://www.weibotop.cn/daily/2026-07-16,https://www.weibotop.cn/topic/WnexzQ,,根据历史榜单复原
218,阿根廷绝杀英格兰,2026-07-16,2026-07-16,1,88,2,半决赛阶段,赛况/结果,球队+足球语境：阿根廷/绝杀,公开日榜复原,B,https://www.weibotop.cn/daily/2026-07-16,https://www.weibotop.cn/topic/Wnexig,,根据历史榜单复原
219,阿根廷球员偷看英格兰战术小抄,2026-07-16,2026-07-16,1,73,9,半决赛阶段,球星/球队舆情,球队+足球语境：阿根廷/球员,公开日榜复原,B,https://www.weibotop.cn/daily/2026-07-16,https://www.weibotop.cn/topic/WnexNg,,根据历史榜单复原
220,贝林厄姆 赛后打人,2026-07-16,2026-07-16,1,94,5,半决赛阶段,赛事衍生/社会话题,人物词：贝林厄姆,公开日榜复原,B,https://www.weibotop.cn/daily/2026-07-16,https://www.weibotop.cn/topic/Wnextg,,根据历史榜单复原
221,法国队对季军赛毫无动力,2026-07-16,2026-07-17,2,113,10,半决赛阶段,赛事衍生/社会话题,人工复核：世界杯赛程/赛场关联,公开日榜复原,B,https://www.weibotop.cn/daily/2026-07-16,https://www.weibotop.cn/topic/WneyMA,,根据历史榜单复原
222,曝C罗考虑参加2030年世界杯,2026-07-16,2026-07-16,1,93,12,半决赛阶段,球星/球队舆情,直接词：世界杯,公开日榜复原,B,https://www.weibotop.cn/daily/2026-07-16,https://www.weibotop.cn/topic/WnewZQ,,根据历史榜单复原
223,英阿大战 自由搏击,2026-07-16,2026-07-16,1,76,4,半决赛阶段,赛事衍生/社会话题,人工复核：世界杯赛程/赛场关联,公开日榜复原,B,https://www.weibotop.cn/daily/2026-07-16,https://www.weibotop.cn/topic/WnexmQ,,根据历史榜单复原
224,英格兰 放弃进攻,2026-07-16,2026-07-16,1,45,13,半决赛阶段,赛事衍生/社会话题,人工复核：世界杯赛程/赛场关联,公开日榜复原,B,https://www.weibotop.cn/daily/2026-07-16,https://www.weibotop.cn/topic/WnexjA,,根据历史榜单复原
225,英格兰球迷怒喷主教练,2026-07-16,2026-07-16,1,53,14,半决赛阶段,球星/球队舆情,球队+足球语境：英格兰/球迷,公开日榜复原,B,https://www.weibotop.cn/daily/2026-07-16,https://www.weibotop.cn/topic/Wnexvw,,根据历史榜单复原
226,C罗原计划世界杯后完婚,2026-07-16,2026-07-16,1,57,18,半决赛阶段,球星/球队舆情,直接词：世界杯,公开日榜复原,B,https://www.weibotop.cn/daily/2026-07-16,https://www.weibotop.cn/topic/WneymQ,,根据历史榜单复原
227,阿根廷队未能按计划前往决赛城市,2026-07-17,2026-07-17,1,61,11,决赛周,赛况/结果,球队+足球语境：阿根廷/决赛,公开日榜复原,B,https://www.weibotop.cn/daily/2026-07-17,https://www.weibotop.cn/topic/WnezuA,,根据历史榜单复原
228,法国替补出战季军战,2026-07-17,2026-07-17,1,60,13,决赛周,赛事衍生/社会话题,人工复核：世界杯赛程/赛场关联,公开日榜复原,B,https://www.weibotop.cn/daily/2026-07-17,https://www.weibotop.cn/topic/WnezSA,,根据历史榜单复原
229,FIFA回应是否处罚阿根廷,2026-07-17,2026-07-17,1,45,10,决赛周,裁判/规则,直接词：FIFA,公开日榜复原,B,https://www.weibotop.cn/daily/2026-07-17,https://www.weibotop.cn/topic/WneznQ,,根据历史榜单复原
230,阿根廷主帅不满赛事方时间安排,2026-07-18,2026-07-18,1,35,18,决赛周,赛事衍生/社会话题,人工复核：世界杯赛程/赛场关联,公开日榜复原,B,https://www.weibotop.cn/daily/2026-07-18,https://www.weibotop.cn/topic/Wneung,,根据历史榜单复原
231,世界杯决赛中场休息17分钟,2026-07-18,2026-07-18,1,62,6,决赛周,赛况/结果,直接词：世界杯,公开日榜复原,B,https://www.weibotop.cn/daily/2026-07-18,https://www.weibotop.cn/topic/WnethA,,根据历史榜单复原
232,法国 不想踢,2026-07-19,2026-07-19,1,54,19,决赛周,赛事衍生/社会话题,人工复核：世界杯赛程/赛场关联,公开日榜复原,B,https://www.weibotop.cn/daily/2026-07-19,https://www.weibotop.cn/topic/Wneuzg,,根据历史榜单复原
233,法国4比6英格兰,2026-07-19,2026-07-19,1,92,4,决赛周,赛况/结果,比分+球队：法国,公开日榜复原,B,https://www.weibotop.cn/daily/2026-07-19,https://www.weibotop.cn/topic/Wneu7g,,根据历史榜单复原
234,法国门将身价堪比一杯蜜雪冰城,2026-07-19,2026-07-19,1,93,7,决赛周,球星/球队舆情,球队+足球语境：法国/门将,公开日榜复原,B,https://www.weibotop.cn/daily/2026-07-19,https://www.weibotop.cn/topic/Wneu_Q,,根据历史榜单复原
235,法国英格兰 诚信互刷,2026-07-19,2026-07-19,1,58,20,决赛周,赛事衍生/社会话题,人工复核：世界杯赛程/赛场关联,公开日榜复原,B,https://www.weibotop.cn/daily/2026-07-19,https://www.weibotop.cn/topic/Wneu_g,,根据历史榜单复原
236,法国vs英格兰,2026-07-19,2026-07-19,1,78,3,决赛周,赛况/结果,人工复核：世界杯赛程/赛场关联,公开日榜复原,B,https://www.weibotop.cn/daily/2026-07-19,https://www.weibotop.cn/topic/WneuzQ,,根据历史榜单复原
237,姆巴佩历史第一,2026-07-19,2026-07-19,1,83,13,决赛周,球星/球队舆情,人物词：姆巴佩,公开日榜复原,B,https://www.weibotop.cn/daily/2026-07-19,https://www.weibotop.cn/topic/WneuEg,,根据历史榜单复原
238,阿根廷队无法接受输掉决赛的事实,2026-07-20,2026-07-20,1,94,7,决赛周,赛况/结果,球队+足球语境：阿根廷/决赛,公开日榜复原,B,https://www.weibotop.cn/daily/2026-07-20,https://www.weibotop.cn/topic/WneoXg,,根据历史榜单复原
239,恩佐,2026-07-20,2026-07-20,1,4,17,决赛周,赛事衍生/社会话题,人工复核：世界杯赛程/赛场关联,公开日榜复原,B,https://www.weibotop.cn/daily/2026-07-20,https://www.weibotop.cn/topic/WnMdEQ,,根据历史榜单复原
240,恩佐两黄变一红,2026-07-20,2026-07-20,1,51,16,决赛周,赛事衍生/社会话题,人工复核：世界杯赛程/赛场关联,公开日榜复原,B,https://www.weibotop.cn/daily/2026-07-20,https://www.weibotop.cn/topic/Wneouw,,根据历史榜单复原
241,姆巴佩金靴,2026-07-20,2026-07-20,1,113,3,决赛周,赛况/结果,直接词：金靴,公开日榜复原,B,https://www.weibotop.cn/daily/2026-07-20,https://www.weibotop.cn/topic/Wneoqw,,根据历史榜单复原
242,世界杯中场秀,2026-07-20,2026-07-20,1,45,18,决赛周,商业/传播,直接词：世界杯,公开日榜复原,B,https://www.weibotop.cn/daily/2026-07-20,https://www.weibotop.cn/topic/Wneohg,,根据历史榜单复原
243,西班牙阿根廷 吓醒我,2026-07-20,2026-07-20,1,40,20,决赛周,赛事衍生/社会话题,人工复核：世界杯赛程/赛场关联,公开日榜复原,B,https://www.weibotop.cn/daily/2026-07-20,https://www.weibotop.cn/topic/Wneokw,,根据历史榜单复原
244,西班牙夺冠含金量太高了,2026-07-20,2026-07-20,1,74,19,决赛周,赛况/结果,球队+足球语境：西班牙/夺冠,公开日榜复原,B,https://www.weibotop.cn/daily/2026-07-20,https://www.weibotop.cn/topic/WneoqA,,根据历史榜单复原
245,西班牙冠军,2026-07-20,2026-07-20,1,91,2,决赛周,赛况/结果,球队+足球语境：西班牙/冠军,公开日榜复原,B,https://www.weibotop.cn/daily/2026-07-20,https://www.weibotop.cn/topic/WneorQ,,根据历史榜单复原
246,西班牙两位公主再捧大力神杯,2026-07-20,2026-07-20,1,80,14,决赛周,商业/传播,直接词：大力神杯,公开日榜复原,B,https://www.weibotop.cn/daily/2026-07-20,https://www.weibotop.cn/topic/WneoSA,,根据历史榜单复原
247,西班牙领奖时阿根廷全队背过身,2026-07-20,2026-07-20,1,107,6,决赛周,赛事衍生/社会话题,人工复核：世界杯赛程/赛场关联,公开日榜复原,B,https://www.weibotop.cn/daily/2026-07-20,https://www.weibotop.cn/topic/Wneo8w,,根据历史榜单复原
248,西班牙vs阿根廷,2026-07-20,2026-07-20,1,131,4,决赛周,赛况/结果,人工复核：世界杯赛程/赛场关联,公开日榜复原,B,https://www.weibotop.cn/daily/2026-07-20,https://www.weibotop.cn/topic/WneomQ,,根据历史榜单复原
249,巴西醒醒这是世界杯,,,0,,,小组赛阶段（官方报告）,赛事衍生/社会话题,微博小组赛报告明确：进入热搜榜首,仅官方报告核验,A,,,https://www.cctvsports.com.cn/zx/2026-07-01/202607013554.html,公开代表日榜未检出；不推测具体日期
250,加拿大开幕式翻车,,,0,,,小组赛阶段（官方报告）,商业/传播,微博小组赛报告明确：进入热搜榜首,仅官方报告核验,A,,,https://www.cctvsports.com.cn/zx/2026-07-01/202607013554.html,公开代表日榜未检出；不推测具体日期
251,马宁1分钟2黄,,,0,,,小组赛阶段（官方报告）,裁判/规则,微博小组赛报告明确：登顶热搜第一,仅官方报告核验,A,,,https://www.cctvsports.com.cn/zx/2026-07-01/202607013554.html,公开代表日榜未检出；不推测具体日期
252,姆巴佩左脚世界波,,,0,,,小组赛阶段（官方报告）,赛况/结果,微博小组赛报告明确：登顶热搜第一,仅官方报告核验,A,,,https://www.cctvsports.com.cn/zx/2026-07-01/202607013554.html,公开代表日榜未检出；不推测具体日期
