日期,话题,当日累计上榜分钟,页面显示热度,最后观察时间,事件阶段,内容类型,筛选依据,来源,排名状态,已在主清单
2026-06-15,世界杯,141,444832,26-06-15 23:54,小组赛阶段,赛事衍生/社会话题,直接词：世界杯,https://weibo.zhaoyizhe.com/date/20260615/,公开页未提供最高排名，不能验证TOP1,是
2026-06-15,本届世界杯惨案来得太快了,435,1724761,26-06-15 23:54,小组赛阶段,赛事衍生/社会话题,直接词：世界杯,https://weibo.zhaoyizhe.com/date/20260615/,公开页未提供最高排名，不能验证TOP1,否
2026-06-15,亚马尔不首发,33,265158,26-06-15 23:54,小组赛阶段,赛况/结果,人物词：亚马尔,https://weibo.zhaoyizhe.com/date/20260615/,公开页未提供最高排名，不能验证TOP1,否
2026-06-15,西班牙首发,74,833653,26-06-15 23:54,小组赛阶段,赛况/结果,球队+足球语境：西班牙/首发,https://weibo.zhaoyizhe.com/date/20260615/,公开页未提供最高排名，不能验证TOP1,否
2026-06-15,世界杯迎来了最严厉的监考老师,23,232178,26-06-15 21:05,小组赛阶段,赛事衍生/社会话题,直接词：世界杯,https://weibo.zhaoyizhe.com/date/20260615/,公开页未提供最高排名，不能验证TOP1,否
2026-06-15,球迷挑战5小时手搓乐高大力神杯,29,754042,26-06-15 19:57,小组赛阶段,商业/传播,直接词：大力神杯,https://weibo.zhaoyizhe.com/date/20260615/,公开页未提供最高排名，不能验证TOP1,否
2026-06-15,中国人最适合看世界杯,27,528821,26-06-15 16:56,小组赛阶段,赛事衍生/社会话题,直接词：世界杯,https://weibo.zhaoyizhe.com/date/20260615/,公开页未提供最高排名，不能验证TOP1,否
2026-06-15,世界杯第一对中国cp出现了,85,441236,26-06-15 16:29,小组赛阶段,赛事衍生/社会话题,直接词：世界杯,https://weibo.zhaoyizhe.com/date/20260615/,公开页未提供最高排名，不能验证TOP1,否
2026-06-15,世界杯这对中国组合是最大显眼包,78,395839,26-06-15 16:22,小组赛阶段,赛事衍生/社会话题,直接词：世界杯,https://weibo.zhaoyizhe.com/date/20260615/,公开页未提供最高排名，不能验证TOP1,否
2026-06-15,日本球员不戴护腿板违规吗,112,531141,26-06-15 15:27,小组赛阶段,裁判/规则,球队+足球语境：日本/球员,https://weibo.zhaoyizhe.com/date/20260615/,公开页未提供最高排名，不能验证TOP1,否
2026-06-15,世界杯期间就这样晒小卡,26,823234,26-06-15 15:16,小组赛阶段,赛事衍生/社会话题,直接词：世界杯,https://weibo.zhaoyizhe.com/date/20260615/,公开页未提供最高排名，不能验证TOP1,否
2026-06-15,日本队目标夺冠,147,783557,26-06-15 15:03,小组赛阶段,赛况/结果,球队+足球语境：日本/夺冠,https://weibo.zhaoyizhe.com/date/20260615/,公开页未提供最高排名，不能验证TOP1,否
2026-06-15,世界杯被中国元素承包了,28,674869,26-06-15 14:53,小组赛阶段,商业/传播,直接词：世界杯,https://weibo.zhaoyizhe.com/date/20260615/,公开页未提供最高排名，不能验证TOP1,否
2026-06-15,C罗美加墨世界杯定妆照,195,483802,26-06-15 13:58,小组赛阶段,商业/传播,直接词：世界杯,https://weibo.zhaoyizhe.com/date/20260615/,公开页未提供最高排名，不能验证TOP1,否
2026-06-15,球迷抗议日本轮奸犯国脚出场,221,475719,26-06-15 13:33,小组赛阶段,球星/球队舆情,球队+足球语境：日本/球迷,https://weibo.zhaoyizhe.com/date/20260615/,公开页未提供最高排名，不能验证TOP1,否
2026-06-15,日本足球可怕在这四个字,35,396285,26-06-15 12:53,小组赛阶段,赛事衍生/社会话题,球队+足球语境：日本/足球,https://weibo.zhaoyizhe.com/date/20260615/,公开页未提供最高排名，不能验证TOP1,否
2026-06-15,荷兰2比2日本,413,4880131,26-06-15 12:47,小组赛阶段,赛况/结果,比分+球队：荷兰,https://weibo.zhaoyizhe.com/date/20260615/,公开页未提供最高排名，不能验证TOP1,否
2026-06-15,德国7比1库拉索,513,2072497,26-06-15 11:34,小组赛阶段,赛况/结果,比分+球队：德国,https://weibo.zhaoyizhe.com/date/20260615/,公开页未提供最高排名，不能验证TOP1,否
2026-06-15,科特迪瓦1比0厄瓜多尔,124,495896,26-06-15 11:17,小组赛阶段,赛况/结果,比分+球队：厄瓜多尔,https://weibo.zhaoyizhe.com/date/20260615/,公开页未提供最高排名，不能验证TOP1,否
2026-06-15,7比1成德国球迷专属回忆,276,457204,26-06-15 11:11,小组赛阶段,赛况/结果,球队+足球语境：德国/球迷,https://weibo.zhaoyizhe.com/date/20260615/,公开页未提供最高排名，不能验证TOP1,否
2026-06-15,世界杯首战前夕伊朗再遭拒签,123,428072,26-06-15 11:05,小组赛阶段,赛事衍生/社会话题,直接词：世界杯,https://weibo.zhaoyizhe.com/date/20260615/,公开页未提供最高排名，不能验证TOP1,否
2026-06-15,荷兰球衣太晃眼,293,351195,26-06-15 09:51,小组赛阶段,商业/传播,球队+足球语境：荷兰/球衣,https://weibo.zhaoyizhe.com/date/20260615/,公开页未提供最高排名，不能验证TOP1,否
2026-06-15,第一次看世界杯感觉输掉的队好心酸,98,194239,26-06-15 09:43,小组赛阶段,赛事衍生/社会话题,直接词：世界杯,https://weibo.zhaoyizhe.com/date/20260615/,公开页未提供最高排名，不能验证TOP1,否
2026-06-15,科特迪瓦半场0比0厄瓜多尔,28,610210,26-06-15 08:47,小组赛阶段,赛况/结果,比分+球队：厄瓜多尔,https://weibo.zhaoyizhe.com/date/20260615/,公开页未提供最高排名，不能验证TOP1,否
2026-06-15,诺伊尔回应德国7比1库拉索,27,379145,26-06-15 08:34,小组赛阶段,赛况/结果,比分+球队：德国,https://weibo.zhaoyizhe.com/date/20260615/,公开页未提供最高排名，不能验证TOP1,否
2026-06-15,朋友圈很少人发世界杯了,484,457178,26-06-15 08:18,小组赛阶段,赛事衍生/社会话题,直接词：世界杯,https://weibo.zhaoyizhe.com/date/20260615/,公开页未提供最高排名，不能验证TOP1,否
2026-06-15,世界杯出现了真正的预言家,492,1181959,26-06-15 08:11,小组赛阶段,赛事衍生/社会话题,直接词：世界杯,https://weibo.zhaoyizhe.com/date/20260615/,公开页未提供最高排名，不能验证TOP1,否
2026-06-15,德国7比1梦回2014,164,126457,26-06-15 07:55,小组赛阶段,赛况/结果,比分+球队：德国,https://weibo.zhaoyizhe.com/date/20260615/,公开页未提供最高排名，不能验证TOP1,否
2026-06-15,荷兰进球,116,152673,26-06-15 07:12,小组赛阶段,赛况/结果,球队+足球语境：荷兰/进球,https://weibo.zhaoyizhe.com/date/20260615/,公开页未提供最高排名，不能验证TOP1,否
2026-06-15,张继科谈C罗封神瞬间,216,95776,26-06-15 07:10,小组赛阶段,球星/球队舆情,人物词：C罗,https://weibo.zhaoyizhe.com/date/20260615/,公开页未提供最高排名，不能验证TOP1,否
2026-06-15,库拉索世界杯首球,310,386371,26-06-15 06:57,小组赛阶段,赛事衍生/社会话题,直接词：世界杯,https://weibo.zhaoyizhe.com/date/20260615/,公开页未提供最高排名，不能验证TOP1,否
2026-06-15,恩梅查世界杯首秀破门,272,165245,26-06-15 06:29,小组赛阶段,赛况/结果,直接词：世界杯,https://weibo.zhaoyizhe.com/date/20260615/,公开页未提供最高排名，不能验证TOP1,否
2026-06-15,穆西亚拉低射破门,212,88462,26-06-15 06:22,小组赛阶段,赛况/结果,人物词：穆西亚拉,https://weibo.zhaoyizhe.com/date/20260615/,公开页未提供最高排名，不能验证TOP1,否
2026-06-15,荷兰2比1日本,23,147357,26-06-15 06:00,小组赛阶段,赛况/结果,比分+球队：荷兰,https://weibo.zhaoyizhe.com/date/20260615/,公开页未提供最高排名，不能验证TOP1,否
2026-06-15,荷兰1比1日本,14,88109,26-06-15 05:42,小组赛阶段,赛况/结果,比分+球队：荷兰,https://weibo.zhaoyizhe.com/date/20260615/,公开页未提供最高排名，不能验证TOP1,否
2026-06-15,荷兰半场0比0日本,30,82623,26-06-15 05:30,小组赛阶段,赛况/结果,比分+球队：荷兰,https://weibo.zhaoyizhe.com/date/20260615/,公开页未提供最高排名，不能验证TOP1,否
2026-06-15,荷兰1比0日本,7,49904,26-06-15 05:23,小组赛阶段,赛况/结果,比分+球队：荷兰,https://weibo.zhaoyizhe.com/date/20260615/,公开页未提供最高排名，不能验证TOP1,否
2026-06-15,诺伊尔 世界杯史上最年长德国球员,68,144814,26-06-15 04:45,小组赛阶段,球星/球队舆情,直接词：世界杯,https://weibo.zhaoyizhe.com/date/20260615/,公开页未提供最高排名，不能验证TOP1,否
2026-06-15,德国6比1库拉索,27,240029,26-06-15 03:15,小组赛阶段,赛况/结果,比分+球队：德国,https://weibo.zhaoyizhe.com/date/20260615/,公开页未提供最高排名，不能验证TOP1,否
2026-06-15,德国5比1库拉索,5,79723,26-06-15 02:46,小组赛阶段,赛况/结果,比分+球队：德国,https://weibo.zhaoyizhe.com/date/20260615/,公开页未提供最高排名，不能验证TOP1,否
2026-06-15,德国4比1库拉索,24,217151,26-06-15 02:43,小组赛阶段,赛况/结果,比分+球队：德国,https://weibo.zhaoyizhe.com/date/20260615/,公开页未提供最高排名，不能验证TOP1,否
2026-06-15,德国半场3比1库拉索,17,205634,26-06-15 02:22,小组赛阶段,赛况/结果,比分+球队：德国,https://weibo.zhaoyizhe.com/date/20260615/,公开页未提供最高排名，不能验证TOP1,否
2026-06-15,世界杯首轮马宁无执法任务,58,216678,26-06-15 02:13,小组赛阶段,裁判/规则,直接词：世界杯,https://weibo.zhaoyizhe.com/date/20260615/,公开页未提供最高排名，不能验证TOP1,否
2026-06-15,德国2比1库拉索,19,306225,26-06-15 02:10,小组赛阶段,赛况/结果,比分+球队：德国,https://weibo.zhaoyizhe.com/date/20260615/,公开页未提供最高排名，不能验证TOP1,否
2026-06-15,德国1比1库拉索,25,494536,26-06-15 01:54,小组赛阶段,赛况/结果,比分+球队：德国,https://weibo.zhaoyizhe.com/date/20260615/,公开页未提供最高排名，不能验证TOP1,否
2026-06-16,梅西阿根廷队进球分布,34,261459,26-06-16 23:54,小组赛阶段,赛况/结果,人物词：梅西,https://weibo.zhaoyizhe.com/date/20260616/,公开页未提供最高排名，不能验证TOP1,否
2026-06-16,梅西姆巴佩哈兰德同一天登场,49,250797,26-06-16 23:54,小组赛阶段,球星/球队舆情,人物词：姆巴佩,https://weibo.zhaoyizhe.com/date/20260616/,公开页未提供最高排名，不能验证TOP1,否
2026-06-16,伊朗队被勒令离开美国,515,3737578,26-06-16 23:54,小组赛阶段,赛事衍生/社会话题,人工复核：世界杯赛程/赛场关联,https://weibo.zhaoyizhe.com/date/20260616/,公开页未提供最高排名，不能验证TOP1,是
2026-06-16,梅西发微博,219,1047808,26-06-16 23:54,小组赛阶段,球星/球队舆情,人物词：梅西,https://weibo.zhaoyizhe.com/date/20260616/,公开页未提供最高排名，不能验证TOP1,否
2026-06-16,专家带你看梅西姆巴佩,29,900372,26-06-16 23:46,小组赛阶段,球星/球队舆情,人物词：姆巴佩,https://weibo.zhaoyizhe.com/date/20260616/,公开页未提供最高排名，不能验证TOP1,否
2026-06-16,马宁给球迷发黄牌了,182,1415944,26-06-16 23:45,小组赛阶段,裁判/规则,人物词：马宁,https://weibo.zhaoyizhe.com/date/20260616/,公开页未提供最高排名，不能验证TOP1,否
2026-06-16,梅西的最后一舞,96,370146,26-06-16 23:44,小组赛阶段,球星/球队舆情,人物词：梅西,https://weibo.zhaoyizhe.com/date/20260616/,公开页未提供最高排名，不能验证TOP1,否
2026-06-16,梅西终章探戈,75,304679,26-06-16 22:40,小组赛阶段,球星/球队舆情,人物词：梅西,https://weibo.zhaoyizhe.com/date/20260616/,公开页未提供最高排名，不能验证TOP1,否
2026-06-16,世界杯赛程,27,329200,26-06-16 22:33,小组赛阶段,赛事衍生/社会话题,直接词：世界杯,https://weibo.zhaoyizhe.com/date/20260616/,公开页未提供最高排名，不能验证TOP1,否
2026-06-16,C罗也有佛得角血统,196,539746,26-06-16 22:18,小组赛阶段,球星/球队舆情,人物词：C罗,https://weibo.zhaoyizhe.com/date/20260616/,公开页未提供最高排名，不能验证TOP1,否
2026-06-16,关掉瘦脸滤镜之后的世界杯帅哥,25,369409,26-06-16 21:11,小组赛阶段,赛事衍生/社会话题,直接词：世界杯,https://weibo.zhaoyizhe.com/date/20260616/,公开页未提供最高排名，不能验证TOP1,否
2026-06-16,佛得角官方感谢中国帮圆梦世界杯,439,1832991,26-06-16 20:18,小组赛阶段,赛事衍生/社会话题,直接词：世界杯,https://weibo.zhaoyizhe.com/date/20260616/,公开页未提供最高排名，不能验证TOP1,否
2026-06-16,第一个说哈兰德像汤姆猫的是天才,27,494657,26-06-16 19:56,小组赛阶段,球星/球队舆情,人物词：哈兰德,https://weibo.zhaoyizhe.com/date/20260616/,公开页未提供最高排名，不能验证TOP1,否
2026-06-16,世界杯已经战成一锅粥,26,368573,26-06-16 19:36,小组赛阶段,赛事衍生/社会话题,直接词：世界杯,https://weibo.zhaoyizhe.com/date/20260616/,公开页未提供最高排名，不能验证TOP1,否
2026-06-16,日本球迷披国旗坐轮椅捡垃圾疑摆拍,22,459908,26-06-16 19:20,小组赛阶段,球星/球队舆情,球队+足球语境：日本/球迷,https://weibo.zhaoyizhe.com/date/20260616/,公开页未提供最高排名，不能验证TOP1,否
2026-06-16,哈兰德世界杯首秀,26,447005,26-06-16 19:11,小组赛阶段,球星/球队舆情,直接词：世界杯,https://weibo.zhaoyizhe.com/date/20260616/,公开页未提供最高排名，不能验证TOP1,否
2026-06-16,世界杯让我多认识了两个国家,25,564884,26-06-16 18:26,小组赛阶段,赛事衍生/社会话题,直接词：世界杯,https://weibo.zhaoyizhe.com/date/20260616/,公开页未提供最高排名，不能验证TOP1,否
2026-06-16,姆巴佩登贝莱有很多小群天天聊,25,637470,26-06-16 17:49,小组赛阶段,球星/球队舆情,人物词：姆巴佩,https://weibo.zhaoyizhe.com/date/20260616/,公开页未提供最高排名，不能验证TOP1,否
2026-06-16,天台跳下也能被佛得角门将稳稳接住,28,782880,26-06-16 17:29,小组赛阶段,球星/球队舆情,球队+足球语境：佛得角/门将,https://weibo.zhaoyizhe.com/date/20260616/,公开页未提供最高排名，不能验证TOP1,否
2026-06-16,墨西哥男子世界杯做歧视手势被撤职,22,694173,26-06-16 17:08,小组赛阶段,赛事衍生/社会话题,直接词：世界杯,https://weibo.zhaoyizhe.com/date/20260616/,公开页未提供最高排名，不能验证TOP1,否
2026-06-16,世界杯最夸张失误出现了,99,672157,26-06-16 16:57,小组赛阶段,赛事衍生/社会话题,直接词：世界杯,https://weibo.zhaoyizhe.com/date/20260616/,公开页未提供最高排名，不能验证TOP1,否
2026-06-16,佛得角门将绰号,27,692277,26-06-16 16:28,小组赛阶段,球星/球队舆情,球队+足球语境：佛得角/门将,https://weibo.zhaoyizhe.com/date/20260616/,公开页未提供最高排名，不能验证TOP1,否
2026-06-16,伊朗球员牵手遇难儿童共同参加世界杯,6,523156,26-06-16 16:12,小组赛阶段,球星/球队舆情,直接词：世界杯,https://weibo.zhaoyizhe.com/date/20260616/,公开页未提供最高排名，不能验证TOP1,否
2026-06-16,世界杯第一张神图诞生,364,1095268,26-06-16 15:56,小组赛阶段,赛事衍生/社会话题,直接词：世界杯,https://weibo.zhaoyizhe.com/date/20260616/,公开页未提供最高排名，不能验证TOP1,否
2026-06-16,世界杯 天台挤不下了,378,2143829,26-06-16 14:32,小组赛阶段,赛事衍生/社会话题,直接词：世界杯,https://weibo.zhaoyizhe.com/date/20260616/,公开页未提供最高排名，不能验证TOP1,否
2026-06-16,日本球迷捡垃圾被本国女性吐槽,111,590181,26-06-16 14:24,小组赛阶段,球星/球队舆情,球队+足球语境：日本/球迷,https://weibo.zhaoyizhe.com/date/20260616/,公开页未提供最高排名，不能验证TOP1,否
2026-06-16,世界杯补水暂停原因,27,769938,26-06-16 13:29,小组赛阶段,赛事衍生/社会话题,直接词：世界杯,https://weibo.zhaoyizhe.com/date/20260616/,公开页未提供最高排名，不能验证TOP1,否
2026-06-16,佛得角门将创多项世界杯纪录,25,695854,26-06-16 13:26,小组赛阶段,球星/球队舆情,直接词：世界杯,https://weibo.zhaoyizhe.com/date/20260616/,公开页未提供最高排名，不能验证TOP1,否
2026-06-16,这就是世界杯扩军的意义,227,1003973,26-06-16 13:12,小组赛阶段,赛事衍生/社会话题,直接词：世界杯,https://weibo.zhaoyizhe.com/date/20260616/,公开页未提供最高排名，不能验证TOP1,否
2026-06-16,世界杯夺冠赔率更新,41,526367,26-06-16 13:02,小组赛阶段,赛况/结果,直接词：世界杯,https://weibo.zhaoyizhe.com/date/20260616/,公开页未提供最高排名，不能验证TOP1,否
2026-06-16,日本球迷赛后捡垃圾被批作秀,151,651774,26-06-16 12:53,小组赛阶段,球星/球队舆情,球队+足球语境：日本/球迷,https://weibo.zhaoyizhe.com/date/20260616/,公开页未提供最高排名，不能验证TOP1,否
2026-06-16,华裔前锋世界杯梅开二度,25,536320,26-06-16 12:53,小组赛阶段,赛事衍生/社会话题,直接词：世界杯,https://weibo.zhaoyizhe.com/date/20260616/,公开页未提供最高排名，不能验证TOP1,否
2026-06-16,佛得角门将哭了,610,922850,26-06-16 12:18,小组赛阶段,球星/球队舆情,球队+足球语境：佛得角/门将,https://weibo.zhaoyizhe.com/date/20260616/,公开页未提供最高排名，不能验证TOP1,否
2026-06-16,世界杯开赛以来最大冷门,443,1675714,26-06-16 11:30,小组赛阶段,赛事衍生/社会话题,直接词：世界杯,https://weibo.zhaoyizhe.com/date/20260616/,公开页未提供最高排名，不能验证TOP1,否
2026-06-16,亚马尔世界杯首秀,547,1176558,26-06-16 11:17,小组赛阶段,球星/球队舆情,直接词：世界杯,https://weibo.zhaoyizhe.com/date/20260616/,公开页未提供最高排名，不能验证TOP1,否
2026-06-16,西班牙0比0战平佛得角,542,2432760,26-06-16 11:06,小组赛阶段,赛况/结果,比分+球队：西班牙,https://weibo.zhaoyizhe.com/date/20260616/,公开页未提供最高排名，不能验证TOP1,否
2026-06-16,沙特1比1乌拉圭,166,1006128,26-06-16 10:59,小组赛阶段,赛况/结果,比分+球队：乌拉圭,https://weibo.zhaoyizhe.com/date/20260616/,公开页未提供最高排名，不能验证TOP1,否
2026-06-16,董路直言日本队难突破世界杯八强,27,403818,26-06-16 10:28,小组赛阶段,赛况/结果,直接词：世界杯,https://weibo.zhaoyizhe.com/date/20260616/,公开页未提供最高排名，不能验证TOP1,否
2026-06-16,杭州最孤独世界杯看球点老板认输,26,402186,26-06-16 10:27,小组赛阶段,赛事衍生/社会话题,直接词：世界杯,https://weibo.zhaoyizhe.com/date/20260616/,公开页未提供最高排名，不能验证TOP1,否
2026-06-16,西班牙爆冷,452,661043,26-06-16 10:02,小组赛阶段,赛况/结果,球队+足球语境：西班牙/爆冷,https://weibo.zhaoyizhe.com/date/20260616/,公开页未提供最高排名，不能验证TOP1,否
2026-06-16,亚马尔说请你们不必怀疑,9,320863,26-06-16 09:42,小组赛阶段,球星/球队舆情,人物词：亚马尔,https://weibo.zhaoyizhe.com/date/20260616/,公开页未提供最高排名，不能验证TOP1,否
2026-06-16,比利时1比1埃及,151,675798,26-06-16 09:40,小组赛阶段,赛况/结果,比分+球队：比利时,https://weibo.zhaoyizhe.com/date/20260616/,公开页未提供最高排名，不能验证TOP1,否
2026-06-16,佛得角门将合同到期,26,331411,26-06-16 09:29,小组赛阶段,球星/球队舆情,球队+足球语境：佛得角/门将,https://weibo.zhaoyizhe.com/date/20260616/,公开页未提供最高排名，不能验证TOP1,否
2026-06-16,西班牙25脚射门0进球,417,627160,26-06-16 09:12,小组赛阶段,赛况/结果,球队+足球语境：西班牙/进球,https://weibo.zhaoyizhe.com/date/20260616/,公开页未提供最高排名，不能验证TOP1,否
2026-06-16,佛得角门将是爷爷奶奶带大的,27,441150,26-06-16 09:11,小组赛阶段,球星/球队舆情,球队+足球语境：佛得角/门将,https://weibo.zhaoyizhe.com/date/20260616/,公开页未提供最高排名，不能验证TOP1,否
2026-06-16,世界杯,520,606998,26-06-16 08:56,小组赛阶段,赛事衍生/社会话题,直接词：世界杯,https://weibo.zhaoyizhe.com/date/20260616/,公开页未提供最高排名，不能验证TOP1,是
2026-06-16,佛得角门将一场比赛涨粉170万,40,516497,26-06-16 08:52,小组赛阶段,球星/球队舆情,球队+足球语境：佛得角/门将,https://weibo.zhaoyizhe.com/date/20260616/,公开页未提供最高排名，不能验证TOP1,否
2026-06-16,沙特半场1比0乌拉圭,81,610019,26-06-16 08:28,小组赛阶段,赛况/结果,比分+球队：乌拉圭,https://weibo.zhaoyizhe.com/date/20260616/,公开页未提供最高排名，不能验证TOP1,否
2026-06-16,卢卡库进球变乌龙,26,420863,26-06-16 08:14,小组赛阶段,赛况/结果,人物词：卢卡库,https://weibo.zhaoyizhe.com/date/20260616/,公开页未提供最高排名，不能验证TOP1,否
2026-06-16,世界杯最悲惨的一届出现了,308,590680,26-06-16 07:58,小组赛阶段,赛事衍生/社会话题,直接词：世界杯,https://weibo.zhaoyizhe.com/date/20260616/,公开页未提供最高排名，不能验证TOP1,否
2026-06-16,40岁佛得角门将哭了,323,588750,26-06-16 07:51,小组赛阶段,球星/球队舆情,球队+足球语境：佛得角/门将,https://weibo.zhaoyizhe.com/date/20260616/,公开页未提供最高排名，不能验证TOP1,否
2026-06-16,卢卡库替补扳平,194,572343,26-06-16 07:48,小组赛阶段,赛事衍生/社会话题,人物词：卢卡库,https://weibo.zhaoyizhe.com/date/20260616/,公开页未提供最高排名，不能验证TOP1,否
2026-06-16,世界杯中日韩踢得都很出色,434,658481,26-06-16 07:33,小组赛阶段,赛事衍生/社会话题,直接词：世界杯,https://weibo.zhaoyizhe.com/date/20260616/,公开页未提供最高排名，不能验证TOP1,否
2026-06-16,亚马尔替补出场过人最多,121,59721,26-06-16 07:09,小组赛阶段,球星/球队舆情,人物词：亚马尔,https://weibo.zhaoyizhe.com/date/20260616/,公开页未提供最高排名，不能验证TOP1,否
2026-06-16,西班牙主帅谈亚马尔替补出场,106,59216,26-06-16 07:03,小组赛阶段,球星/球队舆情,人物词：亚马尔,https://weibo.zhaoyizhe.com/date/20260616/,公开页未提供最高排名，不能验证TOP1,否
2026-06-16,亚马尔内马尔造型相似,252,114820,26-06-16 07:02,小组赛阶段,球星/球队舆情,人物词：亚马尔,https://weibo.zhaoyizhe.com/date/20260616/,公开页未提供最高排名，不能验证TOP1,否
2026-06-16,世界杯 看力竭了,163,67207,26-06-16 07:00,小组赛阶段,赛事衍生/社会话题,直接词：世界杯,https://weibo.zhaoyizhe.com/date/20260616/,公开页未提供最高排名，不能验证TOP1,否
2026-06-16,世界杯首个0比0,146,53155,26-06-16 06:59,小组赛阶段,赛况/结果,直接词：世界杯,https://weibo.zhaoyizhe.com/date/20260616/,公开页未提供最高排名，不能验证TOP1,否
2026-06-16,佛得角门将好厉害,330,377298,26-06-16 06:52,小组赛阶段,球星/球队舆情,球队+足球语境：佛得角/门将,https://weibo.zhaoyizhe.com/date/20260616/,公开页未提供最高排名，不能验证TOP1,否
2026-06-16,西班牙首发,392,713026,26-06-16 06:41,小组赛阶段,赛况/结果,球队+足球语境：西班牙/首发,https://weibo.zhaoyizhe.com/date/20260616/,公开页未提供最高排名，不能验证TOP1,否
2026-06-16,亚马尔尼科不首发,242,67238,26-06-16 06:28,小组赛阶段,赛况/结果,人物词：亚马尔,https://weibo.zhaoyizhe.com/date/20260616/,公开页未提供最高排名，不能验证TOP1,否
2026-06-16,埃及1比0领先比利时,33,122262,26-06-16 06:09,小组赛阶段,赛况/结果,比分+球队：比利时,https://weibo.zhaoyizhe.com/date/20260616/,公开页未提供最高排名，不能验证TOP1,否
2026-06-16,亚马尔不首发,220,292382,26-06-16 03:44,小组赛阶段,赛况/结果,人物词：亚马尔,https://weibo.zhaoyizhe.com/date/20260616/,公开页未提供最高排名，不能验证TOP1,否
2026-06-16,西班牙半场0比0佛得角,82,670788,26-06-16 02:21,小组赛阶段,赛况/结果,比分+球队：西班牙,https://weibo.zhaoyizhe.com/date/20260616/,公开页未提供最高排名，不能验证TOP1,否
2026-06-16,本届世界杯惨案来得太快了,80,163691,26-06-16 01:57,小组赛阶段,赛事衍生/社会话题,直接词：世界杯,https://weibo.zhaoyizhe.com/date/20260616/,公开页未提供最高排名，不能验证TOP1,否
